sensor_id,timestamp,temperature,humidity,location,sensor_type
1029,2025-04-04T02:56:03.000Z,30.74,66.07,BuildingA_Floor2,TypeA
1069,2025-04-05T12:40:07.000Z,29.05,33.06,BuildingA_Floor1,TypeC
1003,2025-04-07T02:43:10.000Z,30.69,79.0,BuildingA_Floor1,TypeA
1066,2025-04-07T06:31:38.000Z,22.24,72.67,BuildingB_Floor1,TypeC
1027,2025-04-07T03:38:36.000Z,23.69,73.16,BuildingA_Floor1,TypeB
1020,2025-04-03T23:41:45.000Z,22.13,40.49,BuildingB_Floor1,TypeC
1084,2025-04-07T08:37:21.000Z,16.12,69.78,BuildingA_Floor2,TypeB
1071,2025-04-05T21:09:28.000Z,24.93,74.0,BuildingA_Floor1,TypeA
1041,2025-04-07T10:37:47.000Z,25.93,65.28,BuildingB_Floor2,TypeB
1095,2025-04-04T10:23:54.000Z,22.84,55.49,BuildingA_Floor1,TypeA
1035,2025-04-08T07:37:28.000Z,21.03,43.64,BuildingA_Floor1,TypeB
1003,2025-04-06T09:43:01.000Z,21.51,58.43,BuildingB_Floor2,TypeB
1071,2025-04-06T16:56:53.000Z,25.99,73.42,BuildingA_Floor2,TypeC
1053,2025-04-05T13:46:26.000Z,34.5,64.59,BuildingB_Floor2,TypeB
1076,2025-04-08T04:01:02.000Z,17.0,71.03,BuildingB_Floor1,TypeA
1029,2025-04-07T20:45:00.000Z,30.62,72.44,BuildingA_Floor2,TypeC
1024,2025-04-08T03:43:05.000Z,34.61,45.35,BuildingA_Floor1,TypeC
1081,2025-04-05T10:22:38.000Z,31.87,32.75,BuildingA_Floor1,TypeC
1067,2025-04-05T08:53:26.000Z,28.41,45.25,BuildingA_Floor2,TypeB
1081,2025-04-06T14:30:17.000Z,20.47,48.02,BuildingA_Floor1,TypeB
1034,2025-04-06T15:35:26.000Z,18.7,44.36,BuildingB_Floor2,TypeC
1014,2025-04-07T05:58:33.000Z,32.39,34.75,BuildingB_Floor2,TypeC
1097,2025-04-05T14:07:36.000Z,26.27,30.72,BuildingB_Floor1,TypeA
1035,2025-04-05T20:02:45.000Z,16.28,77.36,BuildingB_Floor1,TypeB
1020,2025-04-06T18:44:02.000Z,21.73,32.53,BuildingA_Floor2,TypeC
1083,2025-04-06T01:11:19.000Z,24.49,69.24,BuildingB_Floor2,TypeC
1098,2025-04-04T11:33:21.000Z,19.62,54.45,BuildingA_Floor1,TypeC
1028,2025-04-06T04:53:22.000Z,26.22,54.83,BuildingB_Floor1,TypeB
1033,2025-04-05T16:33:44.000Z,34.89,72.26,BuildingA_Floor2,TypeB
1010,2025-04-07T04:39:15.000Z,19.95,61.62,BuildingA_Floor1,TypeC
1003,2025-04-04T01:53:09.000Z,22.85,73.82,BuildingB_Floor2,TypeC
1027,2025-04-05T15:38:12.000Z,25.21,41.92,BuildingB_Floor1,TypeB
1094,2025-04-03T20:39:51.000Z,23.59,78.77,BuildingB_Floor1,TypeA
1051,2025-04-06T19:18:57.000Z,31.21,40.16,BuildingB_Floor1,TypeB
1095,2025-04-06T01:42:51.000Z,17.69,31.87,BuildingA_Floor1,TypeB
1034,2025-04-05T23:56:04.000Z,19.61,49.28,BuildingB_Floor1,TypeB
1085,2025-04-07T05:13:45.000Z,29.07,73.53,BuildingB_Floor1,TypeB
1093,2025-04-04T22:20:11.000Z,18.63,63.2,BuildingA_Floor2,TypeA
1068,2025-04-05T22:24:26.000Z,33.45,48.73,BuildingB_Floor1,TypeA
1094,2025-04-06T12:38:58.000Z,18.55,37.36,BuildingB_Floor1,TypeC
1094,2025-04-07T12:47:00.000Z,27.27,70.34,BuildingA_Floor2,TypeA
1053,2025-04-06T22:21:23.000Z,29.91,76.74,BuildingA_Floor1,TypeA
1088,2025-04-07T06:09:54.000Z,19.59,69.88,BuildingB_Floor2,TypeA
1075,2025-04-05T20:30:03.000Z,29.93,59.22,BuildingA_Floor1,TypeC
1018,2025-04-04T22:35:35.000Z,22.68,34.18,BuildingB_Floor2,TypeB
1099,2025-04-05T22:50:01.000Z,29.77,42.77,BuildingA_Floor1,TypeC
1041,2025-04-06T17:18:59.000Z,15.43,74.32,BuildingB_Floor2,TypeC
1066,2025-04-06T17:57:43.000Z,30.91,36.84,BuildingB_Floor2,TypeC
1000,2025-04-05T11:08:13.000Z,30.55,59.66,BuildingA_Floor1,TypeA
1079,2025-04-06T13:34:30.000Z,26.85,56.45,BuildingB_Floor2,TypeC
1024,2025-04-08T09:04:43.000Z,25.92,32.5,BuildingB_Floor1,TypeA
1027,2025-04-06T18:58:09.000Z,23.1,38.99,BuildingA_Floor1,TypeA
1098,2025-04-05T14:10:22.000Z,34.57,41.24,BuildingB_Floor1,TypeB
1086,2025-04-07T14:40:31.000Z,28.01,42.5,BuildingA_Floor2,TypeA
1036,2025-04-04T07:15:01.000Z,16.91,36.7,BuildingA_Floor1,TypeC
1088,2025-04-06T02:18:46.000Z,26.45,61.79,BuildingA_Floor2,TypeC
1010,2025-04-07T08:49:06.000Z,29.75,33.78,BuildingA_Floor1,TypeB
1007,2025-04-03T17:41:11.000Z,19.71,43.67,BuildingA_Floor2,TypeA
1010,2025-04-05T14:04:07.000Z,29.2,45.44,BuildingB_Floor1,TypeA
1002,2025-04-08T12:46:57.000Z,32.43,39.6,BuildingA_Floor2,TypeA
1030,2025-04-05T22:47:44.000Z,29.06,66.5,BuildingA_Floor2,TypeB
1020,2025-04-08T08:49:31.000Z,18.07,50.21,BuildingA_Floor2,TypeA
1086,2025-04-06T14:08:14.000Z,15.35,62.78,BuildingA_Floor1,TypeB
1009,2025-04-05T10:37:24.000Z,24.11,73.61,BuildingB_Floor2,TypeA
1003,2025-04-04T23:24:28.000Z,29.68,66.77,BuildingA_Floor2,TypeB
1050,2025-04-05T01:15:44.000Z,25.3,74.18,BuildingB_Floor2,TypeA
1060,2025-04-07T09:45:53.000Z,20.25,32.19,BuildingB_Floor1,TypeC
1018,2025-04-06T12:23:19.000Z,27.52,70.38,BuildingB_Floor2,TypeC
1078,2025-04-06T23:51:30.000Z,21.59,73.43,BuildingA_Floor1,TypeA
1054,2025-04-05T02:00:25.000Z,18.04,32.08,BuildingB_Floor1,TypeA
1096,2025-04-06T01:08:54.000Z,33.13,46.43,BuildingB_Floor1,TypeC
1006,2025-04-06T18:04:21.000Z,32.7,31.12,BuildingA_Floor2,TypeC
1058,2025-04-07T12:46:40.000Z,26.45,40.79,BuildingB_Floor2,TypeC
1085,2025-04-03T21:02:41.000Z,21.74,53.6,BuildingA_Floor1,TypeC
1064,2025-04-06T04:12:44.000Z,23.9,55.94,BuildingB_Floor1,TypeC
1086,2025-04-08T12:53:51.000Z,16.61,64.38,BuildingB_Floor1,TypeB
1008,2025-04-04T22:36:56.000Z,20.34,68.78,BuildingA_Floor1,TypeC
1057,2025-04-06T11:40:33.000Z,26.76,53.37,BuildingB_Floor1,TypeC
1099,2025-04-06T11:09:14.000Z,18.49,37.4,BuildingB_Floor2,TypeA
1003,2025-04-03T23:55:20.000Z,20.89,42.12,BuildingB_Floor2,TypeC
1086,2025-04-05T10:34:05.000Z,19.36,78.36,BuildingA_Floor1,TypeC
1013,2025-04-08T13:33:00.000Z,25.19,50.04,BuildingA_Floor2,TypeB
1083,2025-04-04T22:26:14.000Z,28.34,67.41,BuildingA_Floor2,TypeA
1051,2025-04-06T07:04:36.000Z,30.61,73.64,BuildingB_Floor1,TypeB
1017,2025-04-04T18:34:43.000Z,33.48,72.55,BuildingB_Floor1,TypeC
1026,2025-04-05T12:24:16.000Z,23.5,36.64,BuildingB_Floor1,TypeA
1089,2025-04-04T04:58:38.000Z,21.83,67.06,BuildingA_Floor2,TypeC
1037,2025-04-06T21:41:44.000Z,29.08,38.13,BuildingA_Floor2,TypeA
1059,2025-04-08T03:46:36.000Z,25.39,70.21,BuildingB_Floor1,TypeC
1089,2025-04-07T12:37:53.000Z,31.64,56.37,BuildingB_Floor1,TypeA
1091,2025-04-06T19:16:39.000Z,24.66,39.82,BuildingB_Floor2,TypeC
1053,2025-04-07T04:52:42.000Z,33.92,30.01,BuildingB_Floor2,TypeA
1025,2025-04-04T09:00:54.000Z,27.32,51.94,BuildingB_Floor2,TypeC
1092,2025-04-05T05:39:23.000Z,30.76,46.64,BuildingA_Floor2,TypeC
1099,2025-04-06T05:32:20.000Z,19.45,73.68,BuildingA_Floor2,TypeC
1069,2025-04-04T18:27:19.000Z,31.23,61.47,BuildingB_Floor1,TypeC
1079,2025-04-04T21:44:54.000Z,24.52,45.48,BuildingB_Floor1,TypeC
1080,2025-04-06T18:20:01.000Z,32.58,69.05,BuildingB_Floor1,TypeB
1016,2025-04-05T22:46:28.000Z,17.23,78.87,BuildingB_Floor1,TypeC
1092,2025-04-07T18:49:30.000Z,16.57,62.37,BuildingB_Floor2,TypeB
1061,2025-04-08T15:22:48.000Z,15.55,74.93,BuildingB_Floor1,TypeA
1084,2025-04-06T20:04:00.000Z,24.85,56.89,BuildingA_Floor2,TypeA
1091,2025-04-04T16:44:12.000Z,21.77,33.32,BuildingA_Floor2,TypeA
1096,2025-04-05T14:48:49.000Z,15.43,54.27,BuildingB_Floor2,TypeC
1072,2025-04-04T11:16:18.000Z,29.06,71.61,BuildingA_Floor2,TypeA
1092,2025-04-08T15:44:54.000Z,15.42,39.89,BuildingB_Floor2,TypeB
1073,2025-04-08T12:23:02.000Z,22.59,46.12,BuildingA_Floor2,TypeA
1007,2025-04-08T13:30:54.000Z,22.9,30.54,BuildingB_Floor2,TypeA
1022,2025-04-04T02:34:15.000Z,18.9,44.77,BuildingA_Floor2,TypeC
1088,2025-04-06T00:01:28.000Z,17.29,35.47,BuildingA_Floor2,TypeB
1026,2025-04-04T20:00:59.000Z,25.95,35.12,BuildingA_Floor2,TypeC
1010,2025-04-04T15:08:25.000Z,34.14,40.82,BuildingB_Floor2,TypeC
1006,2025-04-07T05:33:46.000Z,18.34,42.51,BuildingA_Floor1,TypeB
1096,2025-04-05T23:21:28.000Z,27.51,75.62,BuildingA_Floor1,TypeC
1074,2025-04-05T01:11:52.000Z,32.83,40.88,BuildingB_Floor2,TypeC
1079,2025-04-07T08:45:24.000Z,16.63,77.74,BuildingA_Floor2,TypeA
1015,2025-04-08T07:02:50.000Z,31.36,66.05,BuildingA_Floor2,TypeB
1003,2025-04-07T22:16:30.000Z,32.18,62.69,BuildingA_Floor1,TypeC
1084,2025-04-06T09:47:07.000Z,33.2,57.72,BuildingA_Floor2,TypeB
1100,2025-04-08T13:59:35.000Z,18.73,61.32,BuildingB_Floor2,TypeA
1015,2025-04-06T08:18:30.000Z,18.83,42.49,BuildingB_Floor2,TypeC
1045,2025-04-07T15:39:10.000Z,33.62,72.9,BuildingA_Floor1,TypeA
1046,2025-04-08T16:05:48.000Z,23.46,37.08,BuildingB_Floor1,TypeA
1077,2025-04-03T20:18:52.000Z,28.16,70.36,BuildingA_Floor2,TypeC
1032,2025-04-03T21:40:48.000Z,26.04,57.37,BuildingB_Floor1,TypeC
1051,2025-04-07T21:20:32.000Z,18.73,59.24,BuildingA_Floor1,TypeB
1038,2025-04-08T01:57:01.000Z,24.26,36.44,BuildingB_Floor2,TypeA
1082,2025-04-05T07:40:16.000Z,23.41,53.16,BuildingB_Floor1,TypeC
1073,2025-04-05T11:05:51.000Z,24.71,57.65,BuildingB_Floor2,TypeC
1063,2025-04-04T18:19:41.000Z,20.87,74.74,BuildingA_Floor2,TypeB
1003,2025-04-07T13:15:49.000Z,16.6,73.31,BuildingA_Floor2,TypeC
1068,2025-04-08T16:07:36.000Z,19.61,40.87,BuildingA_Floor2,TypeA
1031,2025-04-06T04:26:26.000Z,19.11,34.54,BuildingB_Floor2,TypeC
1024,2025-04-06T13:09:28.000Z,23.99,54.96,BuildingB_Floor1,TypeC
1074,2025-04-08T09:32:17.000Z,20.73,73.93,BuildingB_Floor1,TypeC
1098,2025-04-05T03:36:16.000Z,23.52,31.67,BuildingB_Floor1,TypeB
1047,2025-04-05T04:32:50.000Z,17.12,34.02,BuildingA_Floor1,TypeA
1005,2025-04-06T18:57:43.000Z,23.44,59.6,BuildingB_Floor2,TypeC
1060,2025-04-06T00:51:52.000Z,18.01,44.76,BuildingB_Floor1,TypeB
1045,2025-04-08T11:54:53.000Z,28.47,33.46,BuildingA_Floor2,TypeC
1016,2025-04-05T15:48:38.000Z,32.28,47.87,BuildingA_Floor2,TypeA
1098,2025-04-04T23:31:36.000Z,23.52,78.14,BuildingA_Floor2,TypeC
1002,2025-04-06T14:46:21.000Z,33.18,32.59,BuildingA_Floor2,TypeC
1093,2025-04-05T09:24:23.000Z,17.67,73.86,BuildingA_Floor1,TypeC
1094,2025-04-07T23:16:22.000Z,16.8,40.76,BuildingB_Floor2,TypeB
1055,2025-04-03T23:11:26.000Z,28.73,70.19,BuildingB_Floor2,TypeC
1097,2025-04-05T17:40:23.000Z,30.9,58.61,BuildingB_Floor1,TypeA
1006,2025-04-06T14:35:17.000Z,24.09,47.42,BuildingB_Floor1,TypeC
1074,2025-04-05T03:06:17.000Z,29.09,30.97,BuildingB_Floor2,TypeC
1026,2025-04-08T09:02:56.000Z,15.18,30.23,BuildingA_Floor2,TypeB
1011,2025-04-08T06:50:15.000Z,26.53,30.73,BuildingB_Floor1,TypeA
1094,2025-04-06T19:43:40.000Z,20.39,68.0,BuildingB_Floor2,TypeA
1048,2025-04-03T19:53:14.000Z,23.66,48.97,BuildingB_Floor2,TypeC
1005,2025-04-05T00:25:26.000Z,23.12,31.55,BuildingA_Floor2,TypeC
1014,2025-04-03T22:02:25.000Z,34.85,31.13,BuildingA_Floor2,TypeC
1030,2025-04-07T19:34:07.000Z,18.9,48.65,BuildingA_Floor2,TypeA
1004,2025-04-03T18:11:18.000Z,22.57,48.68,BuildingA_Floor1,TypeC
1029,2025-04-06T08:17:39.000Z,32.91,53.23,BuildingB_Floor2,TypeC
1013,2025-04-04T13:38:25.000Z,23.63,67.0,BuildingA_Floor2,TypeB
1056,2025-04-04T16:50:00.000Z,19.43,45.85,BuildingB_Floor1,TypeA
1012,2025-04-04T06:24:08.000Z,18.88,39.28,BuildingA_Floor1,TypeC
1054,2025-04-06T02:44:23.000Z,17.76,62.8,BuildingB_Floor1,TypeB
1080,2025-04-07T00:21:18.000Z,20.74,34.67,BuildingB_Floor1,TypeC
1028,2025-04-05T01:16:24.000Z,26.4,60.9,BuildingA_Floor2,TypeA
1097,2025-04-05T06:57:05.000Z,21.69,43.44,BuildingB_Floor2,TypeB
1022,2025-04-08T02:29:41.000Z,17.69,52.15,BuildingB_Floor2,TypeB
1004,2025-04-08T11:02:34.000Z,17.75,51.74,BuildingA_Floor1,TypeA
1041,2025-04-04T10:56:16.000Z,17.94,36.12,BuildingB_Floor2,TypeB
1035,2025-04-05T12:36:34.000Z,17.1,37.51,BuildingB_Floor1,TypeA
1050,2025-04-05T16:10:38.000Z,30.06,79.39,BuildingB_Floor1,TypeA
1015,2025-04-05T23:04:56.000Z,26.79,74.78,BuildingB_Floor1,TypeB
1038,2025-04-03T18:52:01.000Z,28.92,77.1,BuildingA_Floor2,TypeB
1051,2025-04-07T21:05:54.000Z,15.25,74.82,BuildingB_Floor1,TypeB
1100,2025-04-04T18:08:43.000Z,18.38,36.72,BuildingB_Floor1,TypeA
1095,2025-04-05T02:49:06.000Z,33.55,61.8,BuildingA_Floor1,TypeA
1019,2025-04-06T14:35:53.000Z,30.28,79.89,BuildingB_Floor1,TypeB
1042,2025-04-07T01:25:32.000Z,24.8,36.65,BuildingB_Floor1,TypeB
1088,2025-04-04T16:26:53.000Z,27.87,76.24,BuildingB_Floor2,TypeA
1021,2025-04-03T22:36:48.000Z,15.77,76.99,BuildingB_Floor1,TypeC
1082,2025-04-07T07:16:11.000Z,24.19,61.09,BuildingA_Floor1,TypeB
1064,2025-04-03T22:45:19.000Z,16.74,59.59,BuildingB_Floor2,TypeC
1086,2025-04-06T21:59:12.000Z,24.01,36.11,BuildingA_Floor2,TypeA
1038,2025-04-07T11:40:05.000Z,26.31,32.89,BuildingB_Floor2,TypeB
1088,2025-04-04T09:48:26.000Z,33.68,64.78,BuildingB_Floor2,TypeA
1058,2025-04-03T23:50:29.000Z,33.74,63.33,BuildingA_Floor2,TypeC
1093,2025-04-07T00:55:44.000Z,15.95,62.95,BuildingB_Floor2,TypeB
1007,2025-04-06T07:02:03.000Z,20.97,52.36,BuildingA_Floor2,TypeB
1031,2025-04-08T01:40:33.000Z,23.16,64.52,BuildingB_Floor1,TypeA
1079,2025-04-07T10:09:38.000Z,20.59,40.73,BuildingB_Floor1,TypeB
1065,2025-04-05T15:50:51.000Z,20.02,43.31,BuildingB_Floor2,TypeB
1068,2025-04-04T04:09:55.000Z,15.93,68.33,BuildingA_Floor1,TypeC
1094,2025-04-07T05:27:39.000Z,32.15,48.89,BuildingA_Floor2,TypeB
1045,2025-04-04T02:19:59.000Z,17.58,54.26,BuildingA_Floor1,TypeB
1009,2025-04-05T20:36:56.000Z,16.49,53.71,BuildingB_Floor2,TypeA
1052,2025-04-04T15:38:26.000Z,30.29,72.53,BuildingB_Floor1,TypeA
1093,2025-04-08T02:31:28.000Z,20.37,57.65,BuildingA_Floor1,TypeA
1021,2025-04-03T22:25:29.000Z,21.02,64.94,BuildingA_Floor1,TypeB
1008,2025-04-08T15:30:17.000Z,17.49,49.84,BuildingB_Floor1,TypeB
1007,2025-04-07T01:04:32.000Z,16.63,70.25,BuildingB_Floor1,TypeC
1020,2025-04-03T18:56:41.000Z,31.07,63.67,BuildingB_Floor2,TypeA
1009,2025-04-08T06:28:35.000Z,20.72,37.27,BuildingA_Floor2,TypeC
1048,2025-04-05T01:01:42.000Z,25.14,53.8,BuildingB_Floor1,TypeB
1040,2025-04-08T02:59:06.000Z,23.73,53.11,BuildingB_Floor2,TypeB
1029,2025-04-05T14:46:37.000Z,20.17,65.4,BuildingB_Floor2,TypeB
1051,2025-04-07T05:17:01.000Z,34.18,63.29,BuildingA_Floor1,TypeC
1048,2025-04-06T00:17:33.000Z,22.48,47.06,BuildingA_Floor2,TypeC
1084,2025-04-06T20:52:41.000Z,32.32,37.45,BuildingA_Floor1,TypeC
1006,2025-04-07T12:06:13.000Z,22.39,40.23,BuildingA_Floor1,TypeA
1079,2025-04-06T00:50:27.000Z,18.65,50.15,BuildingA_Floor1,TypeB
1069,2025-04-07T11:36:41.000Z,22.3,77.95,BuildingB_Floor2,TypeA
1099,2025-04-03T17:19:29.000Z,31.59,41.55,BuildingA_Floor2,TypeC
1022,2025-04-07T14:48:08.000Z,26.89,78.85,BuildingB_Floor2,TypeA
1097,2025-04-07T16:16:29.000Z,29.18,59.84,BuildingB_Floor1,TypeB
1047,2025-04-05T14:35:34.000Z,17.34,62.86,BuildingA_Floor1,TypeB
1088,2025-04-04T00:47:55.000Z,20.77,75.32,BuildingB_Floor1,TypeB
1058,2025-04-08T07:55:37.000Z,34.04,45.59,BuildingA_Floor2,TypeB
1058,2025-04-03T22:06:16.000Z,34.76,78.76,BuildingA_Floor2,TypeA
1057,2025-04-05T06:20:04.000Z,16.66,64.98,BuildingB_Floor2,TypeA
1077,2025-04-05T04:54:12.000Z,16.01,54.21,BuildingB_Floor2,TypeA
1014,2025-04-06T05:52:41.000Z,17.65,45.27,BuildingA_Floor2,TypeB
1001,2025-04-05T19:08:10.000Z,34.38,45.4,BuildingA_Floor2,TypeA
1014,2025-04-06T12:29:41.000Z,32.61,67.94,BuildingA_Floor1,TypeB
1035,2025-04-06T08:06:24.000Z,24.15,64.13,BuildingB_Floor1,TypeC
1015,2025-04-08T05:41:30.000Z,22.95,49.0,BuildingB_Floor2,TypeB
1070,2025-04-08T11:26:33.000Z,31.89,78.59,BuildingB_Floor2,TypeC
1082,2025-04-04T20:33:17.000Z,18.7,43.01,BuildingB_Floor1,TypeC
1009,2025-04-06T20:50:04.000Z,18.05,43.76,BuildingB_Floor2,TypeC
1065,2025-04-05T06:15:11.000Z,20.85,42.29,BuildingB_Floor1,TypeC
1042,2025-04-04T22:55:28.000Z,20.7,51.26,BuildingB_Floor1,TypeC
1073,2025-04-05T17:43:14.000Z,27.17,62.56,BuildingA_Floor2,TypeA
1100,2025-04-06T04:20:58.000Z,21.61,68.05,BuildingB_Floor2,TypeA
1020,2025-04-07T06:18:32.000Z,23.14,51.88,BuildingA_Floor1,TypeA
1015,2025-04-04T05:42:17.000Z,22.04,46.01,BuildingB_Floor1,TypeA
1062,2025-04-07T21:05:08.000Z,19.05,33.43,BuildingA_Floor1,TypeA
1043,2025-04-05T19:26:02.000Z,18.53,47.35,BuildingB_Floor1,TypeB
1071,2025-04-06T09:16:36.000Z,29.4,69.82,BuildingA_Floor1,TypeC
1023,2025-04-07T04:06:14.000Z,31.13,58.23,BuildingA_Floor2,TypeB
1079,2025-04-07T14:01:53.000Z,26.18,46.43,BuildingB_Floor2,TypeA
1065,2025-04-04T20:47:58.000Z,33.97,72.97,BuildingA_Floor2,TypeC
1031,2025-04-06T03:09:58.000Z,27.99,54.11,BuildingB_Floor2,TypeC
1052,2025-04-07T05:27:51.000Z,28.79,79.7,BuildingB_Floor1,TypeB
1077,2025-04-07T05:44:25.000Z,23.54,32.3,BuildingA_Floor1,TypeC
1026,2025-04-05T07:15:57.000Z,29.68,72.11,BuildingB_Floor1,TypeA
1057,2025-04-07T07:27:57.000Z,31.08,72.48,BuildingB_Floor2,TypeC
1027,2025-04-07T02:29:01.000Z,29.94,54.6,BuildingA_Floor2,TypeA
1056,2025-04-06T02:19:43.000Z,34.2,43.22,BuildingA_Floor1,TypeB
1083,2025-04-07T18:52:28.000Z,33.61,63.73,BuildingB_Floor2,TypeC
1055,2025-04-03T16:56:15.000Z,22.64,63.02,BuildingA_Floor1,TypeA
1000,2025-04-04T19:22:01.000Z,31.74,49.15,BuildingA_Floor2,TypeA
1039,2025-04-04T00:49:56.000Z,21.49,44.79,BuildingA_Floor2,TypeC
1081,2025-04-04T01:37:43.000Z,31.08,56.91,BuildingA_Floor2,TypeB
1040,2025-04-04T10:29:29.000Z,27.88,69.35,BuildingB_Floor2,TypeA
1013,2025-04-04T21:59:04.000Z,19.63,35.68,BuildingB_Floor2,TypeB
1009,2025-04-05T07:38:57.000Z,27.88,49.32,BuildingB_Floor1,TypeA
1018,2025-04-04T03:47:54.000Z,19.66,42.89,BuildingA_Floor1,TypeB
1008,2025-04-07T02:32:26.000Z,21.22,43.25,BuildingA_Floor2,TypeA
1077,2025-04-04T11:13:15.000Z,30.1,39.91,BuildingB_Floor2,TypeB
1033,2025-04-06T06:55:37.000Z,29.56,72.15,BuildingB_Floor2,TypeC
1074,2025-04-06T11:03:49.000Z,16.66,62.46,BuildingB_Floor2,TypeB
1078,2025-04-05T22:40:48.000Z,16.52,66.04,BuildingB_Floor1,TypeA
1019,2025-04-05T17:09:28.000Z,29.08,55.68,BuildingA_Floor2,TypeC
1030,2025-04-08T07:17:42.000Z,28.66,49.2,BuildingA_Floor1,TypeA
1087,2025-04-08T09:21:36.000Z,24.06,64.25,BuildingA_Floor2,TypeB
1082,2025-04-05T02:14:15.000Z,32.26,37.51,BuildingB_Floor2,TypeC
1014,2025-04-05T09:25:08.000Z,31.71,47.31,BuildingA_Floor1,TypeC
1066,2025-04-08T02:37:51.000Z,32.48,71.18,BuildingA_Floor1,TypeB
1059,2025-04-07T07:28:47.000Z,34.96,67.44,BuildingA_Floor2,TypeA
1046,2025-04-04T05:33:51.000Z,26.6,58.47,BuildingB_Floor1,TypeC
1058,2025-04-07T08:33:55.000Z,16.53,50.5,BuildingB_Floor2,TypeA
1027,2025-04-06T01:54:08.000Z,19.27,71.37,BuildingA_Floor2,TypeA
1042,2025-04-04T05:00:46.000Z,26.43,32.65,BuildingB_Floor2,TypeA
1080,2025-04-04T06:20:36.000Z,29.63,32.61,BuildingB_Floor1,TypeB
1078,2025-04-06T02:40:23.000Z,23.56,43.7,BuildingB_Floor1,TypeB
1005,2025-04-05T02:56:54.000Z,34.06,63.75,BuildingA_Floor1,TypeA
1005,2025-04-03T19:25:54.000Z,24.09,37.87,BuildingA_Floor1,TypeB
1075,2025-04-06T17:09:34.000Z,22.3,68.51,BuildingA_Floor1,TypeB
1069,2025-04-07T12:58:41.000Z,15.21,37.72,BuildingB_Floor2,TypeB
1033,2025-04-05T10:24:55.000Z,27.2,73.31,BuildingB_Floor1,TypeB
1023,2025-04-05T22:30:54.000Z,30.92,30.4,BuildingB_Floor1,TypeA
1043,2025-04-08T00:11:14.000Z,16.8,65.28,BuildingB_Floor2,TypeA
1017,2025-04-04T19:01:26.000Z,33.32,60.61,BuildingA_Floor1,TypeC
1019,2025-04-06T07:36:57.000Z,23.03,46.06,BuildingA_Floor2,TypeA
1013,2025-04-08T14:47:56.000Z,18.43,71.04,BuildingB_Floor2,TypeC
1097,2025-04-06T05:42:45.000Z,20.74,76.03,BuildingB_Floor2,TypeC
1058,2025-04-06T12:16:18.000Z,30.06,61.63,BuildingA_Floor1,TypeC
1094,2025-04-04T17:15:20.000Z,31.37,70.78,BuildingA_Floor2,TypeC
1062,2025-04-06T11:12:46.000Z,19.51,74.84,BuildingA_Floor1,TypeB
1062,2025-04-04T14:30:44.000Z,28.2,56.15,BuildingA_Floor1,TypeA
1085,2025-04-07T04:57:22.000Z,32.62,58.71,BuildingB_Floor1,TypeA
1012,2025-04-07T23:20:43.000Z,32.39,31.34,BuildingB_Floor2,TypeB
1015,2025-04-06T15:18:39.000Z,19.03,70.57,BuildingA_Floor2,TypeC
1014,2025-04-04T09:25:03.000Z,28.18,32.84,BuildingB_Floor2,TypeA
1079,2025-04-05T11:48:07.000Z,26.57,57.36,BuildingA_Floor1,TypeA
1070,2025-04-05T04:59:16.000Z,19.35,77.76,BuildingA_Floor2,TypeA
1076,2025-04-08T15:50:54.000Z,29.89,40.17,BuildingA_Floor1,TypeA
1044,2025-04-06T11:52:18.000Z,23.54,32.74,BuildingB_Floor1,TypeB
1043,2025-04-07T04:08:38.000Z,16.39,66.36,BuildingA_Floor2,TypeB
1020,2025-04-05T11:21:18.000Z,26.6,72.46,BuildingB_Floor2,TypeB
1071,2025-04-05T12:50:34.000Z,28.32,79.15,BuildingB_Floor2,TypeA
1096,2025-04-07T19:26:45.000Z,31.6,39.49,BuildingB_Floor1,TypeC
1013,2025-04-04T15:26:33.000Z,27.41,43.33,BuildingA_Floor1,TypeA
1068,2025-04-04T06:32:36.000Z,18.99,38.43,BuildingA_Floor1,TypeC
1003,2025-04-06T01:27:59.000Z,30.74,60.43,BuildingB_Floor2,TypeA
1086,2025-04-06T13:09:46.000Z,29.17,71.07,BuildingA_Floor1,TypeB
1015,2025-04-07T04:45:57.000Z,22.21,48.74,BuildingB_Floor2,TypeA
1084,2025-04-04T02:36:48.000Z,21.03,57.93,BuildingB_Floor1,TypeB
1064,2025-04-05T11:02:12.000Z,18.81,60.97,BuildingB_Floor2,TypeB
1072,2025-04-04T11:49:57.000Z,17.71,38.96,BuildingA_Floor1,TypeA
1080,2025-04-07T20:54:31.000Z,28.36,32.49,BuildingA_Floor1,TypeA
1048,2025-04-03T22:26:43.000Z,20.51,54.68,BuildingB_Floor1,TypeB
1004,2025-04-03T20:00:30.000Z,24.66,61.46,BuildingA_Floor1,TypeA
1082,2025-04-06T18:16:12.000Z,15.07,68.17,BuildingB_Floor2,TypeC
1020,2025-04-05T23:47:04.000Z,21.47,78.78,BuildingA_Floor1,TypeC
1081,2025-04-07T10:40:12.000Z,27.79,57.43,BuildingA_Floor2,TypeA
1072,2025-04-05T14:49:52.000Z,25.73,79.24,BuildingA_Floor1,TypeC
1084,2025-04-07T06:08:53.000Z,30.44,59.68,BuildingB_Floor1,TypeA
1068,2025-04-07T15:46:08.000Z,21.6,34.52,BuildingA_Floor2,TypeC
1042,2025-04-07T19:38:28.000Z,30.52,39.37,BuildingA_Floor1,TypeC
1000,2025-04-07T06:43:03.000Z,19.68,75.41,BuildingB_Floor1,TypeA
1034,2025-04-07T00:38:47.000Z,34.51,39.55,BuildingA_Floor2,TypeC
1005,2025-04-04T20:09:16.000Z,30.19,53.57,BuildingA_Floor2,TypeA
1067,2025-04-06T18:57:38.000Z,31.17,52.88,BuildingA_Floor1,TypeB
1019,2025-04-04T15:18:33.000Z,34.24,42.08,BuildingB_Floor2,TypeA
1022,2025-04-07T16:32:08.000Z,33.9,44.13,BuildingB_Floor2,TypeC
1077,2025-04-06T05:57:49.000Z,17.09,61.84,BuildingA_Floor2,TypeC
1044,2025-04-07T04:14:42.000Z,22.32,68.59,BuildingA_Floor2,TypeB
1085,2025-04-04T01:31:01.000Z,24.95,79.18,BuildingB_Floor1,TypeA
1046,2025-04-08T11:01:54.000Z,23.55,66.4,BuildingB_Floor2,TypeA
1095,2025-04-04T21:51:01.000Z,31.0,63.99,BuildingB_Floor1,TypeA
1065,2025-04-07T16:13:53.000Z,21.56,67.07,BuildingA_Floor2,TypeC
1023,2025-04-06T11:08:21.000Z,19.72,70.91,BuildingA_Floor2,TypeA
1094,2025-04-07T06:14:30.000Z,17.96,43.05,BuildingB_Floor2,TypeC
1025,2025-04-08T16:21:58.000Z,23.86,42.69,BuildingA_Floor2,TypeB
1096,2025-04-04T17:43:52.000Z,24.86,65.84,BuildingB_Floor2,TypeB
1059,2025-04-06T01:53:47.000Z,33.19,72.97,BuildingA_Floor2,TypeB
1017,2025-04-07T12:24:33.000Z,26.02,46.61,BuildingB_Floor1,TypeA
1049,2025-04-06T19:36:37.000Z,18.96,34.27,BuildingA_Floor2,TypeA
1092,2025-04-07T17:48:41.000Z,23.31,61.78,BuildingA_Floor2,TypeB
1050,2025-04-06T13:35:56.000Z,34.66,79.14,BuildingB_Floor2,TypeC
1078,2025-04-04T15:47:50.000Z,15.21,76.83,BuildingB_Floor2,TypeC
1053,2025-04-07T22:26:27.000Z,15.97,38.13,BuildingB_Floor1,TypeB
1077,2025-04-04T06:00:18.000Z,27.97,57.81,BuildingA_Floor1,TypeC
1038,2025-04-07T03:38:33.000Z,33.21,44.56,BuildingA_Floor1,TypeC
1047,2025-04-04T09:58:08.000Z,26.36,33.29,BuildingA_Floor1,TypeA
1064,2025-04-06T03:45:55.000Z,28.05,34.27,BuildingA_Floor1,TypeC
1079,2025-04-04T00:35:54.000Z,21.6,45.63,BuildingA_Floor1,TypeB
1094,2025-04-06T08:53:49.000Z,31.87,72.21,BuildingB_Floor1,TypeB
1026,2025-04-06T02:05:42.000Z,28.08,71.92,BuildingB_Floor1,TypeB
1065,2025-04-03T19:46:55.000Z,29.17,63.93,BuildingA_Floor1,TypeB
1094,2025-04-08T00:09:03.000Z,25.57,40.49,BuildingA_Floor1,TypeC
1054,2025-04-07T08:27:10.000Z,20.4,72.23,BuildingB_Floor1,TypeC
1003,2025-04-06T04:30:17.000Z,26.84,34.24,BuildingB_Floor2,TypeB
1065,2025-04-05T04:04:12.000Z,31.66,45.83,BuildingA_Floor1,TypeB
1058,2025-04-06T01:44:57.000Z,24.45,37.19,BuildingB_Floor2,TypeA
1062,2025-04-06T03:55:39.000Z,31.62,37.84,BuildingA_Floor2,TypeB
1017,2025-04-07T16:10:42.000Z,21.57,54.06,BuildingA_Floor1,TypeA
1090,2025-04-06T00:33:20.000Z,34.48,69.9,BuildingB_Floor1,TypeA
1057,2025-04-05T13:09:41.000Z,20.02,79.11,BuildingA_Floor2,TypeA
1063,2025-04-04T08:46:03.000Z,16.67,53.29,BuildingB_Floor2,TypeB
1100,2025-04-08T04:33:29.000Z,18.65,66.36,BuildingA_Floor1,TypeC
1073,2025-04-04T16:54:03.000Z,15.23,67.57,BuildingB_Floor1,TypeC
1066,2025-04-04T00:46:12.000Z,22.51,39.15,BuildingA_Floor2,TypeB
1027,2025-04-08T14:48:08.000Z,15.11,43.27,BuildingA_Floor2,TypeC
1082,2025-04-04T02:51:00.000Z,26.07,64.54,BuildingA_Floor1,TypeB
1086,2025-04-07T01:49:09.000Z,28.21,44.47,BuildingA_Floor1,TypeA
1060,2025-04-08T09:44:46.000Z,16.95,43.48,BuildingB_Floor1,TypeA
1009,2025-04-07T20:37:40.000Z,28.5,54.88,BuildingB_Floor1,TypeC
1066,2025-04-04T17:39:12.000Z,17.01,56.33,BuildingB_Floor2,TypeC
1096,2025-04-03T23:49:04.000Z,27.47,71.66,BuildingB_Floor1,TypeA
1094,2025-04-05T06:58:58.000Z,26.68,61.86,BuildingB_Floor2,TypeC
1038,2025-04-04T06:42:42.000Z,16.14,37.58,BuildingA_Floor1,TypeB
1051,2025-04-08T16:24:38.000Z,33.03,64.31,BuildingB_Floor2,TypeA
1081,2025-04-08T12:19:27.000Z,24.57,64.13,BuildingA_Floor2,TypeA
1089,2025-04-06T10:20:01.000Z,20.61,35.84,BuildingA_Floor2,TypeB
1065,2025-04-03T20:24:08.000Z,33.27,47.35,BuildingA_Floor2,TypeA
1011,2025-04-07T09:01:18.000Z,20.86,71.66,BuildingA_Floor2,TypeC
1086,2025-04-04T15:41:18.000Z,17.0,59.2,BuildingA_Floor2,TypeA
1080,2025-04-07T12:02:00.000Z,27.89,64.54,BuildingA_Floor1,TypeB
1061,2025-04-05T09:57:46.000Z,30.88,48.25,BuildingA_Floor2,TypeC
1088,2025-04-05T21:02:19.000Z,32.51,47.42,BuildingA_Floor2,TypeA
1013,2025-04-07T15:37:34.000Z,33.62,53.42,BuildingA_Floor1,TypeA
1001,2025-04-08T11:17:48.000Z,16.66,55.01,BuildingA_Floor2,TypeC
1006,2025-04-07T23:48:21.000Z,16.57,69.15,BuildingB_Floor2,TypeC
1088,2025-04-04T15:34:40.000Z,28.32,77.0,BuildingA_Floor1,TypeB
1076,2025-04-06T05:45:22.000Z,30.17,47.76,BuildingA_Floor2,TypeC
1059,2025-04-06T05:00:58.000Z,25.92,48.02,BuildingA_Floor1,TypeC
1009,2025-04-04T15:15:33.000Z,25.37,75.73,BuildingB_Floor1,TypeB
1062,2025-04-08T12:50:03.000Z,32.94,64.48,BuildingB_Floor2,TypeC
1006,2025-04-06T10:55:41.000Z,22.37,38.12,BuildingB_Floor1,TypeA
1011,2025-04-08T07:12:10.000Z,19.58,36.65,BuildingB_Floor1,TypeB
1072,2025-04-07T06:57:07.000Z,19.12,48.6,BuildingB_Floor1,TypeB
1010,2025-04-08T15:13:09.000Z,29.97,67.66,BuildingB_Floor1,TypeB
1018,2025-04-08T03:44:14.000Z,22.24,33.27,BuildingA_Floor1,TypeA
1060,2025-04-07T20:33:38.000Z,23.95,53.78,BuildingB_Floor2,TypeA
1027,2025-04-07T04:43:05.000Z,33.73,51.17,BuildingB_Floor2,TypeB
1075,2025-04-05T13:04:09.000Z,30.64,57.44,BuildingB_Floor1,TypeC
1073,2025-04-07T22:09:41.000Z,23.08,53.19,BuildingA_Floor2,TypeC
1037,2025-04-07T19:14:09.000Z,25.93,71.52,BuildingB_Floor1,TypeB
1057,2025-04-06T12:20:13.000Z,16.03,58.17,BuildingA_Floor1,TypeB
1068,2025-04-04T21:00:57.000Z,24.75,47.07,BuildingB_Floor2,TypeB
1080,2025-04-07T02:15:45.000Z,30.42,72.53,BuildingA_Floor2,TypeB
1099,2025-04-07T21:12:26.000Z,27.52,58.93,BuildingB_Floor1,TypeC
1020,2025-04-04T02:05:15.000Z,33.67,71.65,BuildingB_Floor1,TypeC
1063,2025-04-07T20:44:10.000Z,27.66,34.77,BuildingB_Floor1,TypeB
1013,2025-04-07T10:45:06.000Z,15.72,49.06,BuildingB_Floor2,TypeB
1047,2025-04-05T21:12:47.000Z,25.35,65.18,BuildingB_Floor2,TypeB
1083,2025-04-06T18:20:35.000Z,22.36,37.7,BuildingB_Floor1,TypeA
1027,2025-04-06T11:44:32.000Z,22.71,31.54,BuildingB_Floor2,TypeA
1065,2025-04-05T02:27:36.000Z,18.25,76.94,BuildingA_Floor2,TypeB
1008,2025-04-06T18:00:00.000Z,23.92,36.52,BuildingA_Floor2,TypeA
1059,2025-04-04T09:28:05.000Z,31.01,30.28,BuildingB_Floor2,TypeB
1057,2025-04-03T22:23:55.000Z,22.25,72.78,BuildingA_Floor2,TypeB
1031,2025-04-08T00:55:31.000Z,15.19,52.09,BuildingB_Floor1,TypeA
1082,2025-04-07T20:57:09.000Z,23.96,51.96,BuildingB_Floor1,TypeA
1023,2025-04-08T09:54:50.000Z,23.98,65.47,BuildingB_Floor1,TypeA
1015,2025-04-05T16:40:57.000Z,22.45,67.43,BuildingB_Floor2,TypeC
1084,2025-04-06T14:45:39.000Z,17.16,67.12,BuildingB_Floor1,TypeC
1095,2025-04-04T14:23:54.000Z,34.24,40.38,BuildingB_Floor2,TypeB
1046,2025-04-04T11:19:15.000Z,28.14,56.28,BuildingA_Floor1,TypeB
1097,2025-04-04T20:38:55.000Z,32.68,73.22,BuildingB_Floor2,TypeB
1079,2025-04-04T17:37:06.000Z,25.17,74.42,BuildingB_Floor1,TypeB
1072,2025-04-05T22:26:48.000Z,24.5,77.23,BuildingA_Floor1,TypeA
1048,2025-04-08T07:02:07.000Z,18.69,65.55,BuildingB_Floor1,TypeB
1005,2025-04-07T20:53:48.000Z,26.61,79.91,BuildingB_Floor2,TypeA
1038,2025-04-06T17:29:53.000Z,33.8,35.02,BuildingA_Floor2,TypeA
1076,2025-04-04T12:57:17.000Z,20.89,46.31,BuildingA_Floor2,TypeA
1070,2025-04-04T08:39:56.000Z,21.42,58.53,BuildingA_Floor2,TypeB
1091,2025-04-07T21:49:05.000Z,27.36,32.87,BuildingA_Floor2,TypeC
1068,2025-04-06T06:25:19.000Z,15.52,33.26,BuildingB_Floor1,TypeC
1063,2025-04-03T20:24:11.000Z,25.44,76.32,BuildingB_Floor2,TypeA
1015,2025-04-06T12:56:01.000Z,23.92,68.85,BuildingA_Floor2,TypeA
1092,2025-04-08T09:37:19.000Z,32.96,65.25,BuildingA_Floor1,TypeB
1078,2025-04-03T18:22:57.000Z,24.91,52.69,BuildingA_Floor2,TypeB
1060,2025-04-08T05:55:40.000Z,20.75,33.4,BuildingB_Floor2,TypeB
1054,2025-04-03T18:44:32.000Z,32.48,59.75,BuildingB_Floor2,TypeB
1020,2025-04-05T15:53:48.000Z,20.34,55.79,BuildingA_Floor1,TypeA
1059,2025-04-08T09:26:43.000Z,24.39,35.82,BuildingB_Floor1,TypeB
1049,2025-04-04T15:07:45.000Z,15.06,71.36,BuildingA_Floor2,TypeC
1020,2025-04-08T06:38:09.000Z,20.4,53.26,BuildingA_Floor1,TypeA
1090,2025-04-06T12:36:47.000Z,30.66,40.33,BuildingB_Floor2,TypeA
1095,2025-04-06T06:18:45.000Z,33.93,71.36,BuildingA_Floor2,TypeB
1035,2025-04-07T09:41:16.000Z,19.23,72.67,BuildingB_Floor1,TypeB
1013,2025-04-07T21:24:38.000Z,21.99,51.08,BuildingA_Floor2,TypeC
1046,2025-04-04T16:50:01.000Z,17.56,34.65,BuildingA_Floor2,TypeC
1048,2025-04-03T23:29:17.000Z,21.09,58.96,BuildingB_Floor1,TypeB
1015,2025-04-05T16:04:06.000Z,28.5,50.27,BuildingA_Floor2,TypeA
1071,2025-04-04T18:47:37.000Z,29.58,46.26,BuildingA_Floor2,TypeB
1009,2025-04-07T19:02:08.000Z,19.96,41.14,BuildingA_Floor1,TypeA
1003,2025-04-04T08:45:18.000Z,21.1,38.71,BuildingB_Floor1,TypeB
1084,2025-04-06T14:05:00.000Z,33.87,79.26,BuildingB_Floor2,TypeA
1063,2025-04-04T10:32:29.000Z,33.5,66.97,BuildingB_Floor1,TypeC
1046,2025-04-07T09:59:16.000Z,32.69,42.29,BuildingB_Floor1,TypeB
1079,2025-04-07T01:47:41.000Z,21.76,43.25,BuildingA_Floor2,TypeB
1000,2025-04-04T20:53:03.000Z,15.55,53.15,BuildingB_Floor1,TypeB
1096,2025-04-05T16:00:00.000Z,28.55,59.08,BuildingB_Floor2,TypeA
1042,2025-04-07T08:10:59.000Z,27.19,34.88,BuildingA_Floor2,TypeA
1014,2025-04-05T07:07:21.000Z,32.77,33.55,BuildingB_Floor2,TypeB
1093,2025-04-06T19:47:13.000Z,23.3,53.1,BuildingA_Floor2,TypeB
1027,2025-04-04T11:08:16.000Z,25.22,42.06,BuildingA_Floor1,TypeA
1076,2025-04-07T12:27:24.000Z,23.3,55.37,BuildingA_Floor2,TypeB
1079,2025-04-06T17:47:09.000Z,25.16,54.47,BuildingA_Floor2,TypeC
1090,2025-04-05T10:54:24.000Z,23.91,42.84,BuildingB_Floor2,TypeC
1087,2025-04-03T20:40:49.000Z,15.2,64.21,BuildingB_Floor2,TypeC
1051,2025-04-08T15:56:54.000Z,33.54,75.21,BuildingA_Floor2,TypeA
1015,2025-04-07T21:56:58.000Z,15.61,75.16,BuildingA_Floor1,TypeA
1031,2025-04-07T18:11:51.000Z,33.33,71.69,BuildingA_Floor2,TypeB
1060,2025-04-08T06:52:10.000Z,18.47,54.04,BuildingA_Floor2,TypeC
1030,2025-04-07T10:27:27.000Z,22.46,44.35,BuildingB_Floor1,TypeB
1015,2025-04-07T04:32:59.000Z,15.86,37.79,BuildingB_Floor2,TypeB
1057,2025-04-03T17:05:49.000Z,18.87,48.27,BuildingB_Floor1,TypeC
1045,2025-04-05T08:33:51.000Z,26.16,48.6,BuildingA_Floor2,TypeA
1039,2025-04-05T20:57:50.000Z,30.01,79.55,BuildingA_Floor1,TypeB
1014,2025-04-05T02:07:50.000Z,26.87,33.57,BuildingB_Floor2,TypeB
1014,2025-04-08T12:43:19.000Z,24.76,44.39,BuildingB_Floor2,TypeA
1030,2025-04-08T06:27:04.000Z,22.77,33.44,BuildingB_Floor1,TypeC
1095,2025-04-05T04:51:56.000Z,25.3,45.15,BuildingB_Floor1,TypeC
1081,2025-04-03T21:09:10.000Z,30.85,40.88,BuildingB_Floor2,TypeA
1094,2025-04-07T21:24:14.000Z,33.9,56.02,BuildingB_Floor2,TypeB
1073,2025-04-07T08:35:41.000Z,25.79,75.1,BuildingA_Floor2,TypeA
1049,2025-04-08T04:22:39.000Z,25.23,65.48,BuildingA_Floor1,TypeB
1007,2025-04-05T08:51:35.000Z,30.76,52.25,BuildingB_Floor1,TypeA
1094,2025-04-07T03:14:51.000Z,29.73,58.41,BuildingA_Floor1,TypeB
1036,2025-04-06T08:21:10.000Z,29.83,38.69,BuildingA_Floor2,TypeA
1022,2025-04-06T05:15:59.000Z,29.21,60.18,BuildingB_Floor1,TypeC
1043,2025-04-05T02:32:56.000Z,30.67,31.46,BuildingB_Floor2,TypeB
1038,2025-04-05T09:31:47.000Z,24.54,58.24,BuildingB_Floor1,TypeC
1056,2025-04-05T17:55:33.000Z,16.47,78.91,BuildingB_Floor1,TypeC
1023,2025-04-05T08:25:32.000Z,28.61,53.17,BuildingA_Floor2,TypeC
1064,2025-04-05T23:45:37.000Z,19.25,44.78,BuildingB_Floor1,TypeA
1022,2025-04-07T23:27:55.000Z,27.98,42.36,BuildingB_Floor2,TypeB
1049,2025-04-06T13:48:35.000Z,19.62,37.18,BuildingB_Floor1,TypeC
1009,2025-04-07T18:24:21.000Z,23.17,31.35,BuildingA_Floor1,TypeA
1018,2025-04-04T00:38:27.000Z,25.83,75.06,BuildingA_Floor2,TypeC
1029,2025-04-06T11:45:37.000Z,15.95,35.02,BuildingA_Floor2,TypeB
1069,2025-04-04T20:32:45.000Z,17.77,38.14,BuildingA_Floor2,TypeA
1005,2025-04-05T15:54:46.000Z,17.66,48.03,BuildingB_Floor1,TypeC
1035,2025-04-07T11:23:57.000Z,23.27,37.57,BuildingB_Floor1,TypeA
1033,2025-04-05T23:52:29.000Z,34.77,35.34,BuildingA_Floor2,TypeA
1044,2025-04-04T04:51:07.000Z,29.57,71.36,BuildingA_Floor2,TypeB
1079,2025-04-08T10:53:23.000Z,29.94,34.68,BuildingA_Floor2,TypeB
1020,2025-04-07T03:45:34.000Z,30.73,65.48,BuildingA_Floor2,TypeB
1012,2025-04-07T14:58:50.000Z,17.21,39.76,BuildingB_Floor2,TypeB
1074,2025-04-03T23:01:37.000Z,34.12,54.56,BuildingB_Floor1,TypeB
1071,2025-04-05T08:04:48.000Z,16.32,33.87,BuildingA_Floor1,TypeC
1039,2025-04-05T13:14:14.000Z,26.1,79.78,BuildingB_Floor1,TypeC
1041,2025-04-05T19:27:25.000Z,26.1,42.21,BuildingB_Floor1,TypeB
1073,2025-04-08T14:43:06.000Z,17.51,52.79,BuildingB_Floor1,TypeC
1062,2025-04-04T16:56:14.000Z,31.68,50.16,BuildingA_Floor1,TypeC
1045,2025-04-07T11:10:34.000Z,32.94,45.61,BuildingA_Floor1,TypeA
1054,2025-04-04T18:22:10.000Z,28.33,34.36,BuildingA_Floor2,TypeA
1086,2025-04-03T22:23:54.000Z,26.8,60.5,BuildingA_Floor1,TypeA
1074,2025-04-05T15:11:07.000Z,19.65,61.18,BuildingB_Floor2,TypeA
1098,2025-04-05T04:26:34.000Z,29.68,40.04,BuildingA_Floor1,TypeA
1073,2025-04-07T19:41:15.000Z,33.23,71.28,BuildingA_Floor2,TypeB
1077,2025-04-04T17:46:27.000Z,30.0,65.52,BuildingA_Floor1,TypeA
1043,2025-04-04T18:23:42.000Z,29.6,71.46,BuildingB_Floor2,TypeC
1029,2025-04-08T07:12:12.000Z,18.5,45.22,BuildingB_Floor1,TypeC
1042,2025-04-08T02:20:05.000Z,28.02,52.15,BuildingA_Floor1,TypeC
1066,2025-04-07T01:43:09.000Z,15.73,66.03,BuildingB_Floor1,TypeC
1030,2025-04-07T10:45:29.000Z,21.03,64.72,BuildingB_Floor2,TypeB
1082,2025-04-05T00:44:35.000Z,29.12,39.27,BuildingB_Floor1,TypeC
1049,2025-04-07T07:07:33.000Z,34.72,50.33,BuildingB_Floor2,TypeC
1038,2025-04-05T13:21:10.000Z,29.17,47.39,BuildingB_Floor2,TypeB
1064,2025-04-05T17:31:11.000Z,33.52,79.82,BuildingA_Floor1,TypeA
1081,2025-04-05T03:12:37.000Z,24.58,36.42,BuildingB_Floor2,TypeC
1015,2025-04-05T10:00:43.000Z,31.87,43.63,BuildingB_Floor1,TypeB
1068,2025-04-06T01:00:20.000Z,29.29,49.99,BuildingB_Floor2,TypeB
1008,2025-04-05T15:54:33.000Z,26.27,51.73,BuildingB_Floor1,TypeA
1005,2025-04-05T01:24:55.000Z,24.61,61.76,BuildingA_Floor2,TypeC
1084,2025-04-06T14:06:33.000Z,33.41,62.23,BuildingB_Floor1,TypeC
1077,2025-04-08T09:25:23.000Z,16.94,70.36,BuildingA_Floor1,TypeC
1068,2025-04-06T13:47:22.000Z,15.56,76.37,BuildingA_Floor1,TypeC
1059,2025-04-06T17:58:04.000Z,30.55,38.35,BuildingB_Floor2,TypeB
1041,2025-04-07T07:56:43.000Z,23.97,39.46,BuildingA_Floor2,TypeB
1070,2025-04-06T20:37:08.000Z,18.42,56.17,BuildingB_Floor2,TypeA
1064,2025-04-06T14:19:38.000Z,33.25,49.57,BuildingA_Floor2,TypeC
1027,2025-04-08T11:44:29.000Z,22.22,59.63,BuildingB_Floor2,TypeA
1035,2025-04-04T11:10:48.000Z,31.44,65.24,BuildingB_Floor1,TypeA
1064,2025-04-05T17:42:50.000Z,34.6,47.28,BuildingA_Floor2,TypeB
1083,2025-04-07T13:39:22.000Z,19.26,72.04,BuildingB_Floor2,TypeB
1084,2025-04-05T19:06:37.000Z,21.86,46.58,BuildingB_Floor2,TypeC
1006,2025-04-05T20:46:12.000Z,19.77,43.0,BuildingA_Floor1,TypeB
1055,2025-04-07T18:45:16.000Z,27.4,72.79,BuildingB_Floor1,TypeA
1030,2025-04-06T08:25:53.000Z,31.68,74.83,BuildingA_Floor1,TypeA
1091,2025-04-07T06:31:53.000Z,15.01,72.7,BuildingB_Floor2,TypeA
1093,2025-04-06T09:59:25.000Z,19.92,34.05,BuildingA_Floor2,TypeA
1015,2025-04-07T07:10:58.000Z,31.63,54.91,BuildingB_Floor1,TypeC
1003,2025-04-06T06:45:03.000Z,18.36,43.25,BuildingA_Floor1,TypeC
1098,2025-04-05T06:47:16.000Z,25.42,61.31,BuildingA_Floor2,TypeC
1036,2025-04-06T03:05:37.000Z,32.56,57.45,BuildingA_Floor2,TypeB
1079,2025-04-08T09:36:23.000Z,33.5,79.58,BuildingA_Floor1,TypeB
1065,2025-04-05T12:13:37.000Z,19.3,52.71,BuildingB_Floor1,TypeB
1069,2025-04-04T20:23:38.000Z,24.47,66.11,BuildingB_Floor1,TypeB
1057,2025-04-06T08:42:35.000Z,31.11,50.19,BuildingA_Floor1,TypeB
1003,2025-04-04T16:30:08.000Z,32.29,55.99,BuildingB_Floor2,TypeB
1034,2025-04-05T00:01:38.000Z,17.6,60.62,BuildingA_Floor2,TypeA
1003,2025-04-08T05:57:06.000Z,28.14,64.91,BuildingB_Floor2,TypeC
1013,2025-04-06T01:24:54.000Z,20.15,74.43,BuildingB_Floor1,TypeC
1022,2025-04-07T03:26:27.000Z,16.49,52.99,BuildingA_Floor1,TypeA
1057,2025-04-05T06:12:17.000Z,28.65,49.54,BuildingB_Floor2,TypeC
1046,2025-04-05T08:05:06.000Z,25.64,75.41,BuildingA_Floor1,TypeC
1082,2025-04-04T10:27:20.000Z,17.08,38.07,BuildingA_Floor2,TypeC
1088,2025-04-05T02:48:35.000Z,23.34,32.85,BuildingA_Floor1,TypeA
1042,2025-04-07T04:26:30.000Z,19.29,33.92,BuildingA_Floor1,TypeC
1031,2025-04-03T20:44:52.000Z,33.06,69.46,BuildingA_Floor2,TypeC
1007,2025-04-07T10:38:06.000Z,29.41,41.69,BuildingA_Floor1,TypeB
1097,2025-04-05T14:31:16.000Z,28.45,74.21,BuildingA_Floor2,TypeA
1070,2025-04-04T21:45:26.000Z,28.21,38.83,BuildingB_Floor2,TypeA
1093,2025-04-08T13:33:04.000Z,30.99,32.68,BuildingA_Floor1,TypeB
1077,2025-04-04T03:48:04.000Z,31.4,78.34,BuildingA_Floor1,TypeC
1086,2025-04-05T20:44:22.000Z,30.34,49.89,BuildingA_Floor2,TypeB
1039,2025-04-05T14:44:14.000Z,15.68,76.55,BuildingB_Floor1,TypeC
1020,2025-04-04T18:37:29.000Z,18.31,61.49,BuildingB_Floor2,TypeA
1073,2025-04-07T06:49:30.000Z,19.14,35.51,BuildingA_Floor1,TypeA
1007,2025-04-05T08:47:16.000Z,33.57,63.53,BuildingA_Floor1,TypeB
1043,2025-04-05T11:44:02.000Z,20.24,30.1,BuildingB_Floor1,TypeB
1017,2025-04-04T22:00:07.000Z,34.72,65.4,BuildingB_Floor1,TypeA
1048,2025-04-07T20:44:52.000Z,21.76,34.17,BuildingA_Floor1,TypeA
1000,2025-04-08T02:34:48.000Z,21.28,47.84,BuildingA_Floor2,TypeC
1050,2025-04-04T21:37:06.000Z,26.1,41.02,BuildingB_Floor2,TypeA
1011,2025-04-05T07:22:05.000Z,16.14,31.24,BuildingB_Floor1,TypeC
1096,2025-04-05T13:28:58.000Z,18.77,60.89,BuildingA_Floor1,TypeA
1062,2025-04-05T00:03:30.000Z,20.07,49.49,BuildingA_Floor1,TypeC
1076,2025-04-05T01:01:38.000Z,15.46,41.74,BuildingA_Floor2,TypeB
1046,2025-04-07T18:42:29.000Z,32.94,32.41,BuildingA_Floor1,TypeB
1068,2025-04-06T11:02:39.000Z,23.87,55.1,BuildingA_Floor2,TypeC
1038,2025-04-07T13:44:13.000Z,33.36,72.57,BuildingB_Floor2,TypeB
1081,2025-04-06T16:58:35.000Z,24.09,76.61,BuildingB_Floor1,TypeC
1063,2025-04-06T06:24:33.000Z,16.63,69.03,BuildingA_Floor1,TypeC
1090,2025-04-08T12:21:51.000Z,24.67,38.25,BuildingB_Floor2,TypeA
1085,2025-04-08T02:17:54.000Z,16.48,67.34,BuildingA_Floor2,TypeA
1078,2025-04-05T12:26:09.000Z,29.61,37.92,BuildingA_Floor1,TypeA
1057,2025-04-07T00:09:27.000Z,25.07,69.77,BuildingA_Floor2,TypeB
1002,2025-04-06T16:21:07.000Z,28.13,42.89,BuildingA_Floor1,TypeB
1032,2025-04-08T08:47:00.000Z,27.86,38.08,BuildingA_Floor1,TypeC
1025,2025-04-05T05:39:49.000Z,18.96,78.85,BuildingA_Floor2,TypeC
1022,2025-04-04T22:34:22.000Z,15.6,71.5,BuildingB_Floor2,TypeA
1082,2025-04-03T22:08:29.000Z,15.1,67.23,BuildingB_Floor2,TypeC
1098,2025-04-06T04:24:05.000Z,32.08,59.2,BuildingA_Floor1,TypeB
1093,2025-04-07T13:13:05.000Z,32.51,36.52,BuildingA_Floor1,TypeA
1059,2025-04-07T15:55:55.000Z,29.74,49.8,BuildingB_Floor2,TypeA
1049,2025-04-07T04:45:50.000Z,19.2,48.52,BuildingB_Floor1,TypeA
1046,2025-04-03T22:10:47.000Z,22.64,35.15,BuildingB_Floor1,TypeA
1020,2025-04-05T15:29:24.000Z,32.41,53.67,BuildingA_Floor1,TypeB
1038,2025-04-04T22:44:33.000Z,23.39,45.49,BuildingB_Floor1,TypeB
1027,2025-04-06T22:10:05.000Z,20.62,54.9,BuildingA_Floor1,TypeC
1056,2025-04-05T02:34:19.000Z,29.88,38.41,BuildingB_Floor1,TypeB
1094,2025-04-07T16:04:20.000Z,30.85,40.46,BuildingA_Floor1,TypeB
1034,2025-04-06T19:41:29.000Z,26.97,64.44,BuildingB_Floor1,TypeA
1020,2025-04-08T07:49:00.000Z,27.61,66.04,BuildingB_Floor1,TypeC
1083,2025-04-06T21:41:43.000Z,32.12,63.6,BuildingA_Floor1,TypeA
1080,2025-04-04T14:22:02.000Z,23.49,39.95,BuildingA_Floor1,TypeC
1021,2025-04-06T19:33:09.000Z,26.89,69.38,BuildingB_Floor2,TypeA
1012,2025-04-07T18:50:51.000Z,15.43,59.08,BuildingA_Floor2,TypeC
1038,2025-04-05T22:36:09.000Z,29.02,72.85,BuildingB_Floor1,TypeB
1077,2025-04-07T06:28:42.000Z,30.49,67.75,BuildingA_Floor1,TypeA
1013,2025-04-04T00:35:08.000Z,15.71,47.2,BuildingA_Floor1,TypeC
1074,2025-04-05T04:40:47.000Z,23.99,60.05,BuildingB_Floor1,TypeA
1065,2025-04-07T08:38:56.000Z,25.63,36.87,BuildingB_Floor1,TypeC
1026,2025-04-04T17:30:30.000Z,16.2,75.34,BuildingB_Floor2,TypeC
1019,2025-04-06T18:02:26.000Z,20.3,57.83,BuildingA_Floor2,TypeA
1077,2025-04-05T06:46:21.000Z,24.05,60.06,BuildingB_Floor1,TypeC
1063,2025-04-05T16:36:52.000Z,24.37,57.15,BuildingB_Floor1,TypeA
1053,2025-04-07T18:44:05.000Z,19.2,30.21,BuildingA_Floor2,TypeA
1003,2025-04-04T16:34:40.000Z,23.34,61.87,BuildingB_Floor1,TypeB
1078,2025-04-06T11:23:04.000Z,24.41,52.61,BuildingA_Floor1,TypeC
1033,2025-04-05T22:43:48.000Z,17.77,65.57,BuildingA_Floor2,TypeB
1048,2025-04-04T07:55:42.000Z,21.57,66.74,BuildingB_Floor2,TypeB
1008,2025-04-04T14:20:57.000Z,24.87,34.64,BuildingA_Floor1,TypeB
1031,2025-04-04T23:50:37.000Z,25.84,75.09,BuildingB_Floor1,TypeC
1097,2025-04-07T07:53:17.000Z,16.12,60.89,BuildingA_Floor1,TypeB
1006,2025-04-04T06:21:24.000Z,32.49,62.52,BuildingB_Floor1,TypeB
1054,2025-04-07T19:02:52.000Z,16.98,74.28,BuildingA_Floor1,TypeC
1004,2025-04-04T00:10:35.000Z,28.05,32.09,BuildingB_Floor1,TypeC
1043,2025-04-07T02:55:10.000Z,28.52,34.07,BuildingA_Floor1,TypeC
1026,2025-04-04T01:32:08.000Z,32.74,68.01,BuildingA_Floor2,TypeB
1067,2025-04-07T20:58:08.000Z,19.32,76.96,BuildingB_Floor2,TypeB
1098,2025-04-03T23:44:28.000Z,34.85,76.21,BuildingA_Floor1,TypeA
1060,2025-04-07T22:46:15.000Z,22.81,43.81,BuildingB_Floor2,TypeC
1094,2025-04-04T00:59:04.000Z,17.18,65.49,BuildingB_Floor1,TypeA
1015,2025-04-07T05:39:42.000Z,29.92,48.68,BuildingA_Floor2,TypeB
1060,2025-04-06T12:06:29.000Z,31.24,57.72,BuildingA_Floor2,TypeA
1094,2025-04-06T09:42:57.000Z,15.59,38.81,BuildingA_Floor1,TypeB
1003,2025-04-03T23:23:29.000Z,16.88,47.89,BuildingA_Floor1,TypeC
1060,2025-04-05T03:31:41.000Z,16.03,32.9,BuildingB_Floor2,TypeA
1076,2025-04-08T01:32:52.000Z,29.67,53.12,BuildingB_Floor2,TypeC
1032,2025-04-05T06:44:24.000Z,15.98,43.89,BuildingB_Floor1,TypeC
1013,2025-04-05T09:42:49.000Z,22.05,62.86,BuildingB_Floor2,TypeA
1024,2025-04-08T03:35:50.000Z,24.9,41.94,BuildingA_Floor2,TypeC
1059,2025-04-04T17:12:06.000Z,23.34,50.73,BuildingB_Floor2,TypeA
1093,2025-04-07T06:11:02.000Z,23.04,42.24,BuildingB_Floor1,TypeC
1097,2025-04-05T09:52:55.000Z,23.11,53.9,BuildingA_Floor2,TypeA
1063,2025-04-05T06:46:23.000Z,28.1,46.58,BuildingA_Floor1,TypeB
1053,2025-04-03T18:53:22.000Z,21.86,65.58,BuildingA_Floor1,TypeA
1028,2025-04-06T18:44:51.000Z,32.07,48.45,BuildingB_Floor2,TypeB
1059,2025-04-04T20:43:25.000Z,20.79,68.95,BuildingB_Floor2,TypeA
1080,2025-04-03T17:03:19.000Z,33.16,58.67,BuildingA_Floor2,TypeC
1059,2025-04-07T15:08:31.000Z,22.76,56.14,BuildingB_Floor1,TypeA
1087,2025-04-07T19:30:36.000Z,34.51,62.39,BuildingA_Floor1,TypeA
1071,2025-04-07T03:50:41.000Z,18.36,41.0,BuildingA_Floor1,TypeB
1031,2025-04-05T14:00:08.000Z,27.79,58.16,BuildingB_Floor1,TypeC
1064,2025-04-07T09:07:25.000Z,22.58,39.67,BuildingA_Floor2,TypeC
1098,2025-04-05T02:01:14.000Z,32.91,72.87,BuildingA_Floor2,TypeA
1031,2025-04-07T19:48:02.000Z,24.69,41.08,BuildingB_Floor2,TypeB
1023,2025-04-04T09:19:53.000Z,24.17,31.88,BuildingB_Floor1,TypeA
1099,2025-04-06T17:15:54.000Z,33.83,70.72,BuildingA_Floor1,TypeA
1031,2025-04-07T10:57:41.000Z,17.65,43.71,BuildingB_Floor1,TypeC
1008,2025-04-05T02:16:04.000Z,33.68,58.62,BuildingA_Floor1,TypeC
1070,2025-04-08T07:54:28.000Z,31.42,79.23,BuildingA_Floor2,TypeA
1030,2025-04-04T05:32:45.000Z,34.99,56.75,BuildingA_Floor1,TypeC
1044,2025-04-07T04:34:02.000Z,22.53,79.48,BuildingA_Floor2,TypeB
1060,2025-04-04T15:26:06.000Z,31.77,67.52,BuildingB_Floor2,TypeA
1068,2025-04-05T04:54:42.000Z,24.62,51.14,BuildingA_Floor2,TypeB
1096,2025-04-08T12:09:15.000Z,29.05,73.66,BuildingA_Floor2,TypeB
1061,2025-04-03T16:53:04.000Z,32.98,52.28,BuildingB_Floor1,TypeB
1070,2025-04-03T17:11:23.000Z,28.17,52.58,BuildingB_Floor2,TypeC
1041,2025-04-07T05:32:49.000Z,26.6,50.06,BuildingB_Floor1,TypeA
1030,2025-04-05T04:02:41.000Z,23.68,56.92,BuildingA_Floor1,TypeA
1059,2025-04-06T08:37:51.000Z,23.28,37.72,BuildingA_Floor1,TypeC
1026,2025-04-08T05:12:37.000Z,27.71,67.42,BuildingA_Floor2,TypeA
1064,2025-04-05T12:00:27.000Z,32.92,51.12,BuildingA_Floor2,TypeC
1079,2025-04-03T19:12:20.000Z,32.67,59.39,BuildingB_Floor1,TypeB
1037,2025-04-07T23:05:42.000Z,24.03,73.57,BuildingA_Floor2,TypeB
1076,2025-04-07T13:09:13.000Z,21.29,49.16,BuildingA_Floor1,TypeC
1038,2025-04-04T04:58:58.000Z,19.27,65.62,BuildingB_Floor1,TypeA
1053,2025-04-08T07:01:35.000Z,26.87,61.19,BuildingA_Floor1,TypeC
1003,2025-04-06T12:33:13.000Z,24.93,44.92,BuildingA_Floor2,TypeB
1040,2025-04-05T01:00:47.000Z,29.18,30.64,BuildingA_Floor1,TypeB
1100,2025-04-04T06:52:48.000Z,18.89,52.67,BuildingB_Floor2,TypeC
1088,2025-04-07T03:37:05.000Z,19.32,45.56,BuildingB_Floor1,TypeC
1042,2025-04-08T11:49:33.000Z,20.68,34.91,BuildingB_Floor2,TypeA
1049,2025-04-08T04:17:15.000Z,28.61,69.34,BuildingB_Floor2,TypeC
1036,2025-04-06T21:20:10.000Z,17.17,38.62,BuildingB_Floor2,TypeC
1027,2025-04-08T02:06:35.000Z,32.24,37.62,BuildingA_Floor1,TypeC
1001,2025-04-08T16:06:23.000Z,26.79,77.27,BuildingB_Floor2,TypeA
1034,2025-04-06T14:15:58.000Z,27.53,49.46,BuildingA_Floor1,TypeA
1047,2025-04-04T11:00:21.000Z,27.86,78.34,BuildingA_Floor2,TypeA
1073,2025-04-08T12:49:41.000Z,16.78,53.89,BuildingA_Floor2,TypeA
1089,2025-04-05T12:44:38.000Z,22.51,75.54,BuildingA_Floor2,TypeA
1073,2025-04-07T14:26:22.000Z,31.16,77.73,BuildingB_Floor1,TypeA
1030,2025-04-03T20:19:45.000Z,30.21,63.09,BuildingA_Floor1,TypeA
1081,2025-04-08T12:37:13.000Z,15.12,44.02,BuildingB_Floor1,TypeC
1044,2025-04-06T13:38:55.000Z,23.9,49.12,BuildingB_Floor1,TypeA
1013,2025-04-05T07:11:09.000Z,32.85,38.25,BuildingA_Floor2,TypeA
1090,2025-04-05T18:59:52.000Z,25.9,65.71,BuildingB_Floor1,TypeC
1041,2025-04-04T21:08:59.000Z,22.55,69.32,BuildingA_Floor1,TypeC
1049,2025-04-06T21:33:08.000Z,31.05,31.53,BuildingB_Floor2,TypeA
1010,2025-04-03T18:06:42.000Z,28.97,74.97,BuildingB_Floor2,TypeB
1033,2025-04-05T00:26:24.000Z,21.01,39.65,BuildingB_Floor1,TypeC
1049,2025-04-04T14:46:35.000Z,29.26,63.21,BuildingB_Floor1,TypeA
1053,2025-04-05T19:10:45.000Z,20.89,75.38,BuildingB_Floor2,TypeC
1049,2025-04-03T18:29:35.000Z,20.72,78.09,BuildingA_Floor1,TypeC
1097,2025-04-05T02:18:23.000Z,31.76,34.95,BuildingA_Floor2,TypeA
1018,2025-04-06T20:14:59.000Z,18.51,50.4,BuildingA_Floor1,TypeA
1044,2025-04-03T18:29:23.000Z,18.38,61.61,BuildingB_Floor2,TypeB
1093,2025-04-06T04:02:08.000Z,26.95,48.88,BuildingA_Floor1,TypeA
1073,2025-04-06T00:34:28.000Z,30.92,53.83,BuildingA_Floor1,TypeB
1019,2025-04-08T04:47:00.000Z,23.83,63.98,BuildingA_Floor2,TypeC
1087,2025-04-08T05:12:26.000Z,23.37,58.3,BuildingA_Floor2,TypeA
1061,2025-04-04T12:29:39.000Z,18.02,53.91,BuildingB_Floor1,TypeA
1023,2025-04-07T03:40:11.000Z,32.21,46.26,BuildingA_Floor2,TypeC
1076,2025-04-05T18:03:47.000Z,27.68,67.46,BuildingB_Floor2,TypeC
1070,2025-04-04T04:46:06.000Z,22.51,78.05,BuildingA_Floor2,TypeC
1065,2025-04-04T04:07:24.000Z,32.41,36.44,BuildingB_Floor1,TypeA
1069,2025-04-07T15:25:04.000Z,24.7,52.99,BuildingB_Floor2,TypeA
1051,2025-04-06T11:12:02.000Z,23.56,77.78,BuildingB_Floor1,TypeA
1094,2025-04-03T21:14:29.000Z,27.03,55.0,BuildingA_Floor2,TypeB
1049,2025-04-04T10:02:09.000Z,20.72,78.37,BuildingB_Floor2,TypeA
1042,2025-04-07T21:08:43.000Z,18.61,34.07,BuildingA_Floor1,TypeC
1099,2025-04-04T13:42:25.000Z,34.05,50.87,BuildingA_Floor1,TypeC
1083,2025-04-05T03:20:34.000Z,30.21,43.73,BuildingA_Floor2,TypeA
1047,2025-04-04T07:27:50.000Z,26.22,50.5,BuildingA_Floor2,TypeC
1055,2025-04-05T16:44:52.000Z,23.16,34.41,BuildingB_Floor2,TypeA
1044,2025-04-07T09:23:44.000Z,32.16,63.8,BuildingB_Floor2,TypeA
1020,2025-04-04T03:32:43.000Z,25.13,65.27,BuildingA_Floor1,TypeC
1092,2025-04-06T11:40:40.000Z,26.39,56.09,BuildingA_Floor1,TypeB
1038,2025-04-04T06:45:34.000Z,21.92,40.9,BuildingB_Floor2,TypeA
1046,2025-04-05T08:13:50.000Z,25.92,30.26,BuildingA_Floor1,TypeA
1027,2025-04-08T14:17:01.000Z,21.49,57.41,BuildingB_Floor2,TypeA
1075,2025-04-03T23:38:40.000Z,19.92,32.41,BuildingA_Floor1,TypeC
1095,2025-04-08T08:58:06.000Z,19.45,62.52,BuildingB_Floor1,TypeC
1026,2025-04-06T12:43:08.000Z,18.93,65.71,BuildingB_Floor1,TypeB
1100,2025-04-07T19:54:44.000Z,18.78,30.26,BuildingA_Floor2,TypeB
1029,2025-04-06T03:53:46.000Z,29.62,66.75,BuildingB_Floor2,TypeB
1097,2025-04-04T10:29:16.000Z,32.71,77.49,BuildingA_Floor1,TypeC
1026,2025-04-07T10:13:39.000Z,20.5,63.04,BuildingB_Floor1,TypeC
1015,2025-04-06T01:34:08.000Z,28.67,33.94,BuildingA_Floor2,TypeC
1085,2025-04-05T02:53:36.000Z,16.37,56.25,BuildingA_Floor1,TypeC
1033,2025-04-06T10:40:40.000Z,23.81,65.44,BuildingA_Floor1,TypeB
1039,2025-04-04T16:18:20.000Z,16.52,72.46,BuildingB_Floor2,TypeC
1086,2025-04-04T05:04:21.000Z,18.72,77.44,BuildingB_Floor1,TypeC
1004,2025-04-05T20:15:38.000Z,27.79,52.15,BuildingA_Floor1,TypeC
1034,2025-04-05T13:22:46.000Z,15.41,49.43,BuildingB_Floor1,TypeA
1020,2025-04-07T13:51:11.000Z,34.9,51.12,BuildingB_Floor1,TypeC
1054,2025-04-07T02:21:41.000Z,23.72,60.98,BuildingB_Floor2,TypeA
1086,2025-04-05T03:33:56.000Z,24.38,69.62,BuildingA_Floor2,TypeC
1060,2025-04-05T22:31:20.000Z,26.81,61.13,BuildingA_Floor2,TypeB
1099,2025-04-06T14:12:35.000Z,25.32,78.48,BuildingB_Floor1,TypeC
1077,2025-04-07T05:46:43.000Z,19.75,49.12,BuildingA_Floor2,TypeB
1031,2025-04-07T01:00:02.000Z,19.8,63.46,BuildingB_Floor2,TypeA
1049,2025-04-04T10:53:32.000Z,34.44,32.5,BuildingB_Floor1,TypeB
1065,2025-04-04T18:35:41.000Z,24.53,75.61,BuildingB_Floor1,TypeC
1094,2025-04-08T04:43:54.000Z,25.08,65.98,BuildingB_Floor2,TypeC
1070,2025-04-07T20:23:08.000Z,29.96,37.31,BuildingB_Floor1,TypeB
1026,2025-04-04T17:23:40.000Z,21.01,32.06,BuildingB_Floor1,TypeA
1003,2025-04-08T10:15:17.000Z,27.51,33.48,BuildingB_Floor2,TypeC
1091,2025-04-03T16:51:20.000Z,23.77,70.06,BuildingA_Floor2,TypeA
1065,2025-04-05T03:08:58.000Z,33.65,51.75,BuildingB_Floor1,TypeC
1017,2025-04-07T21:08:42.000Z,30.94,33.42,BuildingB_Floor2,TypeA
1036,2025-04-04T06:19:49.000Z,19.95,44.84,BuildingA_Floor2,TypeC
1069,2025-04-06T22:48:27.000Z,24.54,56.62,BuildingA_Floor1,TypeA
1074,2025-04-04T21:47:36.000Z,31.91,69.23,BuildingA_Floor1,TypeC
1072,2025-04-06T20:56:08.000Z,23.14,56.73,BuildingA_Floor2,TypeC
1082,2025-04-07T11:37:58.000Z,34.83,42.56,BuildingB_Floor2,TypeB
1015,2025-04-07T02:05:00.000Z,32.46,46.39,BuildingA_Floor1,TypeB
1031,2025-04-06T07:21:20.000Z,33.9,79.15,BuildingA_Floor2,TypeA
1080,2025-04-05T08:56:57.000Z,27.05,66.55,BuildingA_Floor1,TypeC
1003,2025-04-08T06:39:12.000Z,31.49,69.57,BuildingA_Floor1,TypeC
1093,2025-04-04T05:06:52.000Z,28.08,55.86,BuildingA_Floor2,TypeC
1081,2025-04-05T02:25:25.000Z,26.29,69.58,BuildingB_Floor2,TypeB
1088,2025-04-06T23:49:20.000Z,15.11,62.66,BuildingB_Floor2,TypeA
1047,2025-04-08T08:40:49.000Z,26.78,71.73,BuildingA_Floor1,TypeC
1004,2025-04-04T05:23:55.000Z,22.14,33.77,BuildingA_Floor2,TypeC
1084,2025-04-08T14:58:18.000Z,24.86,71.4,BuildingB_Floor1,TypeC
1064,2025-04-04T04:16:48.000Z,28.24,47.3,BuildingB_Floor2,TypeA
1007,2025-04-07T12:01:44.000Z,19.91,30.65,BuildingA_Floor1,TypeC
1037,2025-04-05T02:28:15.000Z,15.2,74.14,BuildingB_Floor1,TypeC
1082,2025-04-06T06:16:48.000Z,23.18,66.43,BuildingA_Floor1,TypeB
1064,2025-04-04T12:06:35.000Z,21.68,79.33,BuildingB_Floor1,TypeC
1028,2025-04-08T06:46:05.000Z,24.75,58.22,BuildingA_Floor2,TypeA
1082,2025-04-08T07:23:24.000Z,20.69,68.35,BuildingB_Floor1,TypeC
1024,2025-04-03T21:42:01.000Z,34.82,42.54,BuildingB_Floor2,TypeA
1088,2025-04-05T10:27:56.000Z,26.07,70.66,BuildingA_Floor1,TypeC
1093,2025-04-07T05:49:15.000Z,34.48,61.03,BuildingA_Floor1,TypeA
1059,2025-04-03T17:01:22.000Z,29.51,52.19,BuildingB_Floor1,TypeA
1003,2025-04-06T10:16:36.000Z,17.42,79.58,BuildingA_Floor2,TypeA
1009,2025-04-07T09:17:00.000Z,18.18,70.57,BuildingA_Floor2,TypeB
1034,2025-04-03T22:26:42.000Z,30.3,74.77,BuildingA_Floor2,TypeA
1081,2025-04-07T16:06:38.000Z,23.49,42.59,BuildingA_Floor2,TypeB
1007,2025-04-05T04:07:54.000Z,33.16,31.94,BuildingA_Floor2,TypeC
1026,2025-04-07T15:09:39.000Z,23.38,70.98,BuildingA_Floor2,TypeA
1015,2025-04-07T10:49:55.000Z,20.96,30.34,BuildingA_Floor1,TypeB
1088,2025-04-04T11:35:04.000Z,28.58,40.96,BuildingB_Floor2,TypeA
1054,2025-04-06T04:48:21.000Z,31.83,77.75,BuildingA_Floor2,TypeA
1067,2025-04-05T11:55:28.000Z,29.96,36.91,BuildingB_Floor1,TypeC
1026,2025-04-08T08:31:56.000Z,17.32,64.14,BuildingB_Floor1,TypeC
1020,2025-04-07T22:15:31.000Z,16.3,39.7,BuildingA_Floor1,TypeA
1085,2025-04-05T04:49:10.000Z,15.0,42.4,BuildingA_Floor2,TypeC
1056,2025-04-08T16:12:47.000Z,29.58,56.49,BuildingB_Floor2,TypeB
1063,2025-04-08T00:13:15.000Z,27.14,45.41,BuildingB_Floor2,TypeA
1067,2025-04-04T20:09:41.000Z,26.59,41.66,BuildingA_Floor1,TypeB
1009,2025-04-07T12:49:00.000Z,31.79,35.88,BuildingB_Floor2,TypeB
1011,2025-04-08T08:31:38.000Z,34.28,54.4,BuildingA_Floor2,TypeA
1078,2025-04-08T11:21:03.000Z,18.83,73.9,BuildingB_Floor1,TypeC
1038,2025-04-07T02:51:23.000Z,27.75,79.49,BuildingB_Floor2,TypeB
1047,2025-04-05T11:34:30.000Z,30.45,74.2,BuildingA_Floor2,TypeB
1042,2025-04-07T22:42:17.000Z,20.53,51.37,BuildingA_Floor2,TypeC
1047,2025-04-05T04:44:21.000Z,33.47,43.7,BuildingB_Floor1,TypeC
1064,2025-04-06T10:15:35.000Z,23.94,55.45,BuildingB_Floor1,TypeA
1066,2025-04-06T01:18:55.000Z,30.98,45.47,BuildingA_Floor1,TypeB
1048,2025-04-05T10:31:13.000Z,24.63,59.44,BuildingA_Floor2,TypeC
1012,2025-04-05T05:10:31.000Z,27.39,50.32,BuildingA_Floor1,TypeA
1038,2025-04-07T05:19:17.000Z,19.82,78.03,BuildingB_Floor2,TypeC
1003,2025-04-05T12:28:08.000Z,17.47,78.95,BuildingA_Floor1,TypeB
1015,2025-04-04T06:29:20.000Z,19.41,64.71,BuildingB_Floor2,TypeC
1058,2025-04-08T05:23:51.000Z,23.37,54.78,BuildingB_Floor2,TypeA
1065,2025-04-06T15:30:08.000Z,24.88,45.43,BuildingA_Floor2,TypeB
1050,2025-04-07T20:26:43.000Z,30.38,53.55,BuildingA_Floor1,TypeB
1083,2025-04-05T19:42:37.000Z,15.41,55.82,BuildingB_Floor1,TypeB
1046,2025-04-05T00:05:48.000Z,25.48,76.1,BuildingB_Floor2,TypeA
1001,2025-04-04T17:07:06.000Z,31.5,67.92,BuildingB_Floor1,TypeC
1093,2025-04-07T20:33:32.000Z,31.36,77.92,BuildingB_Floor2,TypeA
1001,2025-04-08T05:39:46.000Z,16.57,60.83,BuildingA_Floor1,TypeC
1070,2025-04-03T22:15:29.000Z,31.19,30.84,BuildingA_Floor1,TypeC
1046,2025-04-05T19:43:25.000Z,25.34,72.69,BuildingA_Floor2,TypeC
1038,2025-04-06T16:55:51.000Z,24.32,65.16,BuildingB_Floor1,TypeC
1048,2025-04-07T04:17:05.000Z,31.54,53.6,BuildingB_Floor2,TypeA
1052,2025-04-06T23:24:37.000Z,32.2,30.73,BuildingB_Floor1,TypeC
1088,2025-04-05T01:21:29.000Z,28.51,46.92,BuildingA_Floor1,TypeB
1019,2025-04-08T08:03:45.000Z,24.74,59.98,BuildingB_Floor1,TypeC
1015,2025-04-07T21:58:16.000Z,29.17,37.02,BuildingB_Floor1,TypeA
1087,2025-04-08T02:27:48.000Z,27.36,44.96,BuildingB_Floor2,TypeC
1092,2025-04-04T14:57:15.000Z,32.51,73.65,BuildingA_Floor2,TypeA
1040,2025-04-07T23:16:59.000Z,18.07,72.43,BuildingB_Floor2,TypeC
1093,2025-04-04T00:49:56.000Z,19.92,49.15,BuildingB_Floor2,TypeB
1011,2025-04-07T12:57:53.000Z,31.03,46.39,BuildingA_Floor2,TypeA
1045,2025-04-04T12:11:09.000Z,15.35,70.54,BuildingB_Floor1,TypeC
1029,2025-04-06T07:43:57.000Z,24.87,41.34,BuildingA_Floor2,TypeA
1031,2025-04-04T09:41:17.000Z,24.57,65.07,BuildingB_Floor2,TypeB
1070,2025-04-06T03:17:00.000Z,16.28,43.16,BuildingA_Floor1,TypeA
1050,2025-04-05T03:35:53.000Z,21.89,48.25,BuildingA_Floor1,TypeB
1088,2025-04-07T23:21:53.000Z,26.18,61.8,BuildingB_Floor2,TypeB
1020,2025-04-04T03:53:23.000Z,31.48,44.52,BuildingB_Floor2,TypeC
1094,2025-04-04T07:46:48.000Z,27.06,33.87,BuildingB_Floor1,TypeA
1042,2025-04-04T10:00:42.000Z,33.95,42.4,BuildingB_Floor1,TypeB
1025,2025-04-06T12:32:40.000Z,16.07,43.21,BuildingB_Floor1,TypeB
1001,2025-04-03T23:05:28.000Z,16.6,61.38,BuildingB_Floor2,TypeA
1020,2025-04-04T04:44:05.000Z,22.54,47.14,BuildingB_Floor1,TypeA
1049,2025-04-07T08:32:39.000Z,31.76,45.21,BuildingB_Floor2,TypeB
1087,2025-04-06T13:32:21.000Z,34.61,70.21,BuildingB_Floor2,TypeB
1087,2025-04-04T10:54:23.000Z,16.79,75.39,BuildingA_Floor2,TypeA
1013,2025-04-05T03:46:53.000Z,25.07,66.53,BuildingB_Floor2,TypeC
1048,2025-04-06T01:30:20.000Z,20.55,49.28,BuildingA_Floor2,TypeC
1042,2025-04-06T08:07:37.000Z,34.75,61.62,BuildingB_Floor2,TypeB
1082,2025-04-03T20:49:52.000Z,27.35,50.14,BuildingA_Floor1,TypeC
1084,2025-04-06T16:39:40.000Z,32.47,47.38,BuildingA_Floor1,TypeC
1000,2025-04-07T22:51:24.000Z,16.07,52.37,BuildingB_Floor1,TypeC
1053,2025-04-07T23:50:27.000Z,25.34,71.35,BuildingB_Floor1,TypeB
1054,2025-04-07T02:16:14.000Z,34.61,40.5,BuildingA_Floor2,TypeB
1002,2025-04-07T14:57:53.000Z,19.81,58.66,BuildingA_Floor2,TypeB
1033,2025-04-08T07:52:02.000Z,25.43,75.92,BuildingA_Floor1,TypeA
1068,2025-04-05T10:29:04.000Z,30.25,59.36,BuildingA_Floor1,TypeC
1021,2025-04-04T16:15:46.000Z,29.78,46.44,BuildingA_Floor2,TypeA
1020,2025-04-08T02:28:30.000Z,16.94,56.07,BuildingB_Floor1,TypeC
1090,2025-04-04T02:38:20.000Z,20.84,69.26,BuildingA_Floor1,TypeA
1056,2025-04-08T02:52:02.000Z,25.37,76.43,BuildingB_Floor1,TypeC
1089,2025-04-07T22:33:30.000Z,33.8,79.21,BuildingB_Floor1,TypeC
1040,2025-04-03T17:24:41.000Z,23.5,30.09,BuildingB_Floor2,TypeB
1028,2025-04-04T02:15:47.000Z,32.11,55.06,BuildingA_Floor1,TypeC
1069,2025-04-07T14:16:52.000Z,22.88,48.73,BuildingB_Floor1,TypeB
1059,2025-04-03T20:35:04.000Z,21.68,30.54,BuildingB_Floor1,TypeA
1054,2025-04-07T22:45:19.000Z,22.18,77.49,BuildingA_Floor2,TypeA
1069,2025-04-08T12:42:26.000Z,23.79,44.31,BuildingB_Floor2,TypeC
1057,2025-04-06T23:40:53.000Z,20.32,45.48,BuildingB_Floor1,TypeA
1098,2025-04-04T08:18:48.000Z,19.31,46.62,BuildingA_Floor2,TypeB
1047,2025-04-05T09:00:59.000Z,29.69,49.77,BuildingB_Floor1,TypeA
1011,2025-04-07T05:29:23.000Z,33.76,75.18,BuildingB_Floor1,TypeB
1070,2025-04-05T08:01:29.000Z,27.09,50.84,BuildingB_Floor2,TypeA
1076,2025-04-07T13:31:25.000Z,34.55,76.37,BuildingA_Floor2,TypeA
1087,2025-04-06T02:44:02.000Z,22.75,69.27,BuildingB_Floor1,TypeC
1058,2025-04-03T16:53:07.000Z,28.82,67.0,BuildingB_Floor1,TypeB
1023,2025-04-04T04:07:00.000Z,34.08,39.55,BuildingB_Floor2,TypeA
1015,2025-04-08T00:10:34.000Z,17.83,67.44,BuildingA_Floor1,TypeB
1017,2025-04-03T18:08:03.000Z,19.3,52.1,BuildingA_Floor1,TypeB
1036,2025-04-06T08:31:46.000Z,22.91,65.13,BuildingB_Floor1,TypeC
1068,2025-04-04T00:43:19.000Z,31.42,64.56,BuildingB_Floor2,TypeC
1094,2025-04-04T17:28:25.000Z,33.85,49.94,BuildingB_Floor2,TypeB
1015,2025-04-08T03:10:58.000Z,19.11,65.7,BuildingA_Floor1,TypeB
1043,2025-04-04T06:41:39.000Z,30.3,50.58,BuildingB_Floor2,TypeB
1093,2025-04-08T04:19:34.000Z,33.97,34.84,BuildingB_Floor1,TypeC
1075,2025-04-08T15:38:40.000Z,23.69,78.73,BuildingB_Floor1,TypeA
1069,2025-04-04T16:10:06.000Z,28.69,66.46,BuildingA_Floor2,TypeC
1004,2025-04-08T12:07:10.000Z,26.99,36.24,BuildingB_Floor2,TypeB
1016,2025-04-06T18:10:11.000Z,34.6,45.31,BuildingA_Floor1,TypeC
1035,2025-04-08T01:46:46.000Z,26.24,69.96,BuildingA_Floor1,TypeA
1010,2025-04-04T16:02:01.000Z,26.74,37.58,BuildingB_Floor1,TypeC
1056,2025-04-05T03:18:14.000Z,18.31,66.67,BuildingB_Floor1,TypeB
1030,2025-04-07T13:11:55.000Z,22.29,67.92,BuildingA_Floor1,TypeC
1087,2025-04-04T23:14:32.000Z,28.39,32.25,BuildingA_Floor1,TypeA
1035,2025-04-07T01:49:24.000Z,17.61,49.61,BuildingB_Floor1,TypeA
1075,2025-04-04T23:18:46.000Z,24.98,78.21,BuildingA_Floor1,TypeC
1074,2025-04-06T19:21:26.000Z,17.77,38.15,BuildingA_Floor1,TypeC
1084,2025-04-03T23:47:20.000Z,16.22,44.58,BuildingB_Floor1,TypeC
1064,2025-04-08T00:29:28.000Z,34.55,31.39,BuildingB_Floor1,TypeC
1032,2025-04-05T10:05:26.000Z,19.21,67.73,BuildingB_Floor1,TypeB
1006,2025-04-08T12:34:28.000Z,28.95,73.28,BuildingB_Floor1,TypeB
1048,2025-04-05T04:38:23.000Z,31.32,72.79,BuildingA_Floor1,TypeB
1032,2025-04-06T07:03:25.000Z,21.07,70.93,BuildingB_Floor2,TypeB
1021,2025-04-04T14:53:20.000Z,29.64,47.06,BuildingB_Floor1,TypeC
1025,2025-04-04T13:44:58.000Z,21.91,32.01,BuildingA_Floor2,TypeB
1000,2025-04-05T10:26:45.000Z,23.87,77.57,BuildingA_Floor1,TypeB
1078,2025-04-06T19:00:47.000Z,19.93,60.85,BuildingA_Floor2,TypeA
1057,2025-04-07T23:19:50.000Z,21.13,65.27,BuildingB_Floor1,TypeC
1072,2025-04-04T18:50:07.000Z,31.38,72.84,BuildingA_Floor2,TypeC
1096,2025-04-03T16:59:48.000Z,33.44,32.25,BuildingB_Floor2,TypeC
1001,2025-04-04T22:55:19.000Z,20.95,39.36,BuildingA_Floor1,TypeB
1076,2025-04-07T23:47:21.000Z,16.92,34.36,BuildingB_Floor1,TypeB
1094,2025-04-04T02:48:28.000Z,19.65,32.02,BuildingB_Floor2,TypeC
1074,2025-04-05T19:57:58.000Z,15.8,78.29,BuildingB_Floor2,TypeB
1026,2025-04-08T09:56:57.000Z,17.51,72.82,BuildingB_Floor2,TypeA
1023,2025-04-06T04:52:46.000Z,17.51,68.53,BuildingA_Floor1,TypeC
1012,2025-04-05T05:38:53.000Z,15.92,54.74,BuildingB_Floor2,TypeC
1085,2025-04-08T12:08:05.000Z,16.71,58.85,BuildingA_Floor2,TypeB
1068,2025-04-04T13:26:02.000Z,22.63,59.11,BuildingB_Floor2,TypeA
1051,2025-04-06T06:52:39.000Z,23.65,74.29,BuildingA_Floor1,TypeA
1029,2025-04-07T14:12:43.000Z,31.23,61.57,BuildingA_Floor2,TypeB
1058,2025-04-07T18:30:10.000Z,23.22,45.7,BuildingB_Floor1,TypeC
1072,2025-04-04T00:16:47.000Z,28.86,76.81,BuildingB_Floor1,TypeA
1065,2025-04-03T23:57:14.000Z,34.73,65.39,BuildingA_Floor2,TypeB
1091,2025-04-06T00:51:44.000Z,27.25,34.39,BuildingA_Floor1,TypeA
1069,2025-04-03T23:47:28.000Z,18.29,68.16,BuildingB_Floor2,TypeB
1077,2025-04-08T06:14:32.000Z,23.91,59.85,BuildingB_Floor1,TypeB
1036,2025-04-07T21:06:08.000Z,25.52,75.07,BuildingB_Floor1,TypeB
1096,2025-04-06T15:36:55.000Z,18.61,65.76,BuildingB_Floor1,TypeA
1012,2025-04-08T04:40:43.000Z,33.89,33.34,BuildingB_Floor2,TypeC
1038,2025-04-08T11:28:34.000Z,29.71,61.33,BuildingA_Floor1,TypeB
1042,2025-04-06T08:56:32.000Z,22.33,30.86,BuildingB_Floor1,TypeB
1012,2025-04-06T08:36:59.000Z,20.56,31.88,BuildingA_Floor1,TypeB
1034,2025-04-05T09:49:22.000Z,34.19,33.81,BuildingB_Floor1,TypeB
1032,2025-04-08T00:41:53.000Z,29.46,79.2,BuildingB_Floor1,TypeA
1049,2025-04-04T13:35:38.000Z,34.36,76.72,BuildingA_Floor1,TypeC
1000,2025-04-06T13:34:44.000Z,15.78,33.23,BuildingB_Floor2,TypeA
1001,2025-04-04T11:01:27.000Z,28.78,43.63,BuildingA_Floor2,TypeB
1044,2025-04-06T14:29:58.000Z,17.38,69.46,BuildingA_Floor1,TypeC
1090,2025-04-03T23:55:08.000Z,32.32,38.82,BuildingA_Floor1,TypeC
1082,2025-04-06T15:30:48.000Z,19.79,52.21,BuildingB_Floor1,TypeA
1009,2025-04-05T15:12:06.000Z,34.08,67.96,BuildingA_Floor1,TypeB
1076,2025-04-06T17:41:23.000Z,21.0,77.24,BuildingB_Floor2,TypeC
1096,2025-04-07T16:34:28.000Z,24.37,35.51,BuildingB_Floor2,TypeB
1006,2025-04-06T19:37:08.000Z,16.82,43.01,BuildingB_Floor1,TypeB
1019,2025-04-06T21:34:15.000Z,20.82,58.75,BuildingB_Floor2,TypeC
1004,2025-04-05T07:29:36.000Z,21.98,73.78,BuildingB_Floor2,TypeC
1045,2025-04-07T10:16:26.000Z,24.89,47.63,BuildingB_Floor1,TypeC
1064,2025-04-07T08:42:39.000Z,28.02,54.57,BuildingA_Floor2,TypeC
1089,2025-04-04T04:25:09.000Z,24.08,53.66,BuildingB_Floor1,TypeA
1075,2025-04-04T17:27:37.000Z,19.86,68.19,BuildingA_Floor1,TypeC
1042,2025-04-06T21:36:50.000Z,34.19,67.65,BuildingA_Floor2,TypeB
1051,2025-04-06T07:45:36.000Z,22.95,69.89,BuildingA_Floor1,TypeC
1060,2025-04-07T00:33:09.000Z,16.06,71.13,BuildingA_Floor2,TypeC
1084,2025-04-04T13:03:59.000Z,21.73,41.64,BuildingA_Floor1,TypeB
1095,2025-04-04T14:00:17.000Z,28.66,74.26,BuildingA_Floor2,TypeC
1053,2025-04-06T20:22:44.000Z,29.78,45.09,BuildingB_Floor1,TypeC
1041,2025-04-06T03:27:52.000Z,24.41,42.87,BuildingB_Floor1,TypeA
1097,2025-04-04T07:48:08.000Z,22.17,41.48,BuildingA_Floor2,TypeC
1006,2025-04-04T02:38:38.000Z,31.34,77.72,BuildingB_Floor2,TypeB
1074,2025-04-07T06:52:34.000Z,31.09,79.81,BuildingA_Floor2,TypeC
1019,2025-04-04T23:53:59.000Z,16.76,49.32,BuildingA_Floor2,TypeB
1037,2025-04-07T22:06:53.000Z,30.9,37.11,BuildingB_Floor2,TypeB
1002,2025-04-05T21:49:00.000Z,30.46,35.65,BuildingA_Floor2,TypeB
1097,2025-04-07T10:38:16.000Z,16.03,62.27,BuildingB_Floor2,TypeA
1013,2025-04-04T16:55:13.000Z,25.1,40.7,BuildingB_Floor1,TypeC
1064,2025-04-07T11:32:58.000Z,25.52,38.16,BuildingA_Floor1,TypeA
1041,2025-04-04T14:34:42.000Z,33.79,71.8,BuildingA_Floor1,TypeA
1042,2025-04-07T10:52:26.000Z,30.04,34.45,BuildingB_Floor2,TypeA
1055,2025-04-05T10:51:54.000Z,33.13,33.13,BuildingB_Floor1,TypeA
1061,2025-04-08T14:36:22.000Z,22.12,58.67,BuildingB_Floor2,TypeB
1021,2025-04-06T10:03:17.000Z,30.37,33.22,BuildingA_Floor1,TypeA
1068,2025-04-07T03:07:52.000Z,34.1,78.36,BuildingB_Floor2,TypeC
1098,2025-04-04T20:34:56.000Z,22.64,32.19,BuildingA_Floor1,TypeB
1049,2025-04-05T08:52:12.000Z,17.11,46.7,BuildingA_Floor2,TypeC
1019,2025-04-04T23:50:06.000Z,23.46,39.3,BuildingA_Floor1,TypeA
1074,2025-04-08T11:06:16.000Z,19.81,59.21,BuildingB_Floor2,TypeB
1034,2025-04-05T03:29:14.000Z,26.06,40.62,BuildingB_Floor1,TypeC
1049,2025-04-07T16:48:03.000Z,26.71,65.48,BuildingB_Floor1,TypeC
1008,2025-04-04T02:53:55.000Z,22.11,51.52,BuildingB_Floor2,TypeC
1079,2025-04-07T23:35:15.000Z,32.95,64.45,BuildingB_Floor1,TypeA
1010,2025-04-03T19:27:02.000Z,27.53,51.77,BuildingB_Floor2,TypeB
1022,2025-04-06T23:32:49.000Z,26.84,64.22,BuildingB_Floor2,TypeA
1026,2025-04-07T09:10:57.000Z,29.95,39.36,BuildingA_Floor2,TypeA
1039,2025-04-03T22:05:37.000Z,29.92,67.01,BuildingA_Floor2,TypeB
